SALE TYPE,SOLD DATE,PROPERTY TYPE,ADDRESS,CITY,STATE OR PROVINCE,ZIP OR POSTAL CODE,PRICE,BEDS,BATHS,LOCATION,SQUARE FEET,LOT SIZE,YEAR BUILT,DAYS ON MARKET,$/SQUARE FEET,HOA/MONTH,STATUS,NEXT OPEN HOUSE START TIME,NEXT OPEN HOUSE END TIME,URL (SEE https://www.redfin.com/buy-a-home/comparative-market-analysis FOR INFO ON PRICING),SOURCE,MLS#,FAVORITE,INTERESTED,LATITUDE,LONGITUDE
MLS Listing,,Single Family Residential,7607 8th Ave,Los Angeles,CA,90043,998000,3,2.0,PHHT - Park Hills Heights,1678,4502,1932,2,595,,Active,,,https://www.redfin.com/CA/Los-Angeles/7607-8th-Ave-90043/home/6427134,CRMLS,SB25062224,N,Y,33.9706532,-118.3267799
MLS Listing,,Condo/Co-op,400 S Broadway #1011,Los Angeles,CA,90013,725000,1,1.0,C42 - Downtown L.A.,752,36291,2019,2,964,816,Active,,,https://www.redfin.com/CA/Los-Angeles/400-S-Broadway-90013/unit-1011/home/173209431,CRMLS,SB25062673,N,Y,34.0492873,-118.2493361
MLS Listing,,Single Family Residential,16059 Sunburst St,North Hills,CA,91343,859000,3,2.0,NOH - North Hills,1756,6853,1956,2,489,,Active,,,https://www.redfin.com/CA/North-Hills/16059-Sunburst-St-91343/home/5716698,CRMLS,SR25062476,N,Y,34.2348137,-118.4826783
MLS Listing,,Condo/Co-op,15549 S Budlong Pl #24,Gardena,CA,90247,585000,3,2.0,119 - Central Gardena,1304,37220,1962,2,449,489,Active,,,https://www.redfin.com/CA/Gardena/15549-S-Budlong-Pl-90247/unit-24/home/7329782,CRMLS,SB25059103,N,Y,33.8896271,-118.2956443
MLS Listing,,Single Family Residential,503 W 79th St,Los Angeles,CA,90044,975000,3,2.0,C36 - Metropolitan Southwest,900,6502,2006,2,1083,,Active,,,https://www.redfin.com/CA/Los-Angeles/503-W-79th-St-90044/home/17241931,CRMLS,SB25053691,N,Y,33.9680121,-118.2829701
MLS Listing,,Single Family Residential,1926 Tambor Ct,Rowland Heights,CA,91748,888888,3,2.5,652 - Rowland Heights,2086,7861,1982,2,426,,Active,,,https://www.redfin.com/CA/Rowland-Heights/1926-Tambor-Ct-91748/home/7865489,CRMLS,PF25058110,N,Y,33.9850475,-117.9106869
MLS Listing,,Single Family Residential,25339 Via Dona Christa,Valencia,CA,91355,1099000,4,2.5,Tempo (TMPO),2043,5490,1972,2,538,,Active,,,https://www.redfin.com/CA/Valencia/25339-Via-Dona-Christa-91355/home/6060577,CRMLS,BB25060056,N,Y,34.3962338,-118.5424436
MLS Listing,,Condo/Co-op,12664 Chapman Ave #1316,Garden Grove,CA,92840,599000,2,2.0,Chapman Villas (CHAV),1200,197354,2007,2,499,604,Active,,,https://www.redfin.com/CA/Garden-Grove/12664-Chapman-Ave-92840/unit-1316/home/17472974,CRMLS,OC25058188,N,Y,33.7880187,-117.9124966
MLS Listing,,Condo/Co-op,1620 Neil Armstrong St #304,Montebello,CA,90640,375000,1,1.0,Montebello,646,208139,1973,3,580,410,Active,March-25-2025 11:00 AM,March-25-2025 02:00 PM,https://www.redfin.com/CA/Montebello/1620-Neil-Armstrong-St-90640/unit-304/home/6985865,TheMLS,25514287,N,Y,34.0376352,-118.0944741
MLS Listing,,Single Family Residential,2625 N Main St,Los Angeles,CA,90031,628000,2,1.0,677 - Lincoln Hts,591,2042,1911,3,1063,,Active,,,https://www.redfin.com/CA/Los-Angeles/2625-N-Main-St-90031/home/6947657,CRMLS,BB25059595,N,Y,34.0662121,-118.2145815
MLS Listing,,Single Family Residential,481 W Avenue 44,Los Angeles,CA,90065,1049000,2,2.5,680 - Mount Washington,1140,4892,1924,3,920,,Active,,,https://www.redfin.com/CA/Los-Angeles/481-W-Avenue-44-90065/home/7075446,CRMLS,BB25056918,N,Y,34.1000804,-118.2128929
MLS Listing,,Townhouse,13111 Angeles Trail Way,Sylmar,CA,91342,999000,5,2.5,SYL - Sylmar,2885,3590259,2002,3,346,230,Active,,,https://www.redfin.com/CA/Sylmar/13111-Angeles-Trail-Way-91342/home/8113632,CRMLS,BB25059145,N,Y,34.310525,-118.4043889
MLS Listing,,Single Family Residential,7545 Belmar Ave,Reseda,CA,91335,1179000,5,3.0,RES - Reseda,2514,4984,2004,3,469,,Active,,,https://www.redfin.com/CA/Reseda/7545-Belmar-Ave-91335/home/8130087,CRMLS,BB25060259,N,Y,34.2078032,-118.5590406
MLS Listing,,Condo/Co-op,25520 Dodge Ave Unit A,Harbor City,CA,90710,519000,2,1.5,124 - Harbor City,796,58889,1983,3,652,325,Active,,,https://www.redfin.com/CA/Harbor-City/25520-Dodge-Ave-90710/unit-A/home/7674230,CRMLS,SB25059052,N,Y,33.7922293,-118.2887129
MLS Listing,,Condo/Co-op,21 Medici Aisle,Irvine,CA,92606,1399800,4,2.5,Corte Bella (CB),1575,42629,1999,3,889,156,Active,,,https://www.redfin.com/CA/Irvine/21-Medici-Aisle-92606/home/5590719,CRMLS,OC25060672,N,Y,33.6864219,-117.8202658
MLS Listing,,Condo/Co-op,4515 Alla Rd #2,Marina Del Rey,CA,90292,1125000,2,2.5,C12 - Marina Del Rey,1646,159309,1978,3,683,966,Active,,,https://www.redfin.com/CA/Marina-del-Rey/4515-Alla-Rd-90292/unit-2/home/6725779,CRMLS,BB25058090,N,Y,33.9852634,-118.4331389
MLS Listing,,Single Family Residential,5811 Midway Dr,Huntington Beach,CA,92648,1649000,3,2.5,15 - West Huntington Beach,1927,6000,1977,3,856,,Active,,,https://www.redfin.com/CA/Huntington-Beach/5811-Midway-Dr-92648/home/3835376,CRMLS,PW25056875,N,Y,33.6992934,-118.0266138
MLS Listing,,Single Family Residential,31821 Monarch Crst,Laguna Niguel,CA,92677,12995000,6,8.0,Monarch Point Custom (MPC),7796,31748,2000,3,1667,810,Active,,,https://www.redfin.com/CA/Laguna-Niguel/31821-Monarch-Crst-92677/home/4940980,CRMLS,OC25058042,N,Y,33.5008372,-117.7331108
MLS Listing,,Single Family Residential,835 N Pine St,Anaheim,CA,92805,824900,2,1.0,79 - Anaheim West of Harbor,987,5781,1941,3,836,,Active,,,https://www.redfin.com/CA/Anaheim/835-N-Pine-St-92805/home/195088205,CRMLS,PW25054674,N,Y,33.8439458,-117.9240535
MLS Listing,,Condo/Co-op,1701 Clinton St #319,Los Angeles,CA,90026,789000,2,1.0,671 - Silver Lake,875,63422,1973,4,902,600,Active,,,https://www.redfin.com/CA/Los-Angeles/1701-Clinton-St-90026/unit-319/home/7052961,CRMLS,BB25056674,N,Y,34.0728266,-118.2622371
MLS Listing,,Single Family Residential,5758 Briartree Dr,La Canada Flintridge,CA,91011,2399000,4,3.0,634 - La Canada Flintridge,2602,15091,1965,4,922,,Active,,,https://www.redfin.com/CA/La-Canada-Flintridge/5758-Briartree-Dr-91011/home/7267389,CRMLS,PF25057266,N,Y,34.2205089,-118.193547
MLS Listing,,Single Family Residential,2427 N Gower St,Los Angeles,CA,90068,999000,1,1.0,C30 - Hollywood Hills East,868,1500,1923,4,1151,,Active,,,https://www.redfin.com/CA/Los-Angeles/2427-N-Gower-St-90068/home/7130637,CRMLS,P1-21314,N,Y,34.113966,-118.3225311
MLS Listing,,Townhouse,125 Dove Lndg,Covina,CA,91722,729500,3,3.0,614 - Covina,1603,,2024,4,455,323,Active,,,https://www.redfin.com/CA/Covina/125-Dove-LNDG-91722/home/189450656,CRMLS,PF25059441,N,Y,34.09732,-117.906234
MLS Listing,,Single Family Residential,9369 Hillrose St,Shadow Hills,CA,91040,1599900,4,4.0,672 - Shadow Hills,4044,39359,2007,4,396,,Active,,,https://www.redfin.com/CA/Sunland/9369-Hillrose-St-91040/home/21921338,CRMLS,SR25060390,N,Y,34.2625835,-118.3363693
MLS Listing,,Single Family Residential,19152 Blackthorn Dr,Canyon Country,CA,91351,1250000,5,4.0,699 - Not Defined,2992,49087,2021,4,418,181,Active,March-29-2025 01:00 PM,March-29-2025 04:00 PM,https://www.redfin.com/CA/Canyon-Country/19152-Blackthorn-Dr-91351/home/176538975,CRMLS,BB25056008,N,Y,34.442357,-118.469214
MLS Listing,,Condo/Co-op,11218 Camarillo St #102,Toluca Lake,CA,91602,759000,2,2.0,TUL - Toluca Lake,1320,21907,2009,4,575,350,Active,,,https://www.redfin.com/CA/North-Hollywood/11218-Camarillo-St-91602/unit-102/home/28904363,CRMLS,SR25060258,N,Y,34.157228,-118.3752779
MLS Listing,,Single Family Residential,13503 Brazo Rd,La Mirada,CA,90638,890000,3,2.0,M3 - La Mirada,1298,6254,1956,4,686,,Pre On-Market,,,https://www.redfin.com/CA/La-Mirada/13503-Brazo-Rd-90638/home/7772382,CRMLS,PW25054000,N,Y,33.9077263,-118.0249192
MLS Listing,,Single Family Residential,1333 Spruce Tree Dr,Diamond Bar,CA,91765,1399000,5,3.0,616 - Diamond Bar,2447,13745,1972,5,572,,Active,,,https://www.redfin.com/CA/Diamond-Bar/1333-Spruce-Tree-Dr-91765/home/7879302,CRMLS,PW25048474,N,Y,33.9974351,-117.8173148
MLS Listing,,Single Family Residential,760 E Orange Blossom Way,Azusa,CA,91702,2188888,5,4.5,607 - Azusa,4069,8938,2017,5,538,139,Active,,,https://www.redfin.com/CA/Azusa/760-E-Orange-Blossom-Way-91702/home/109716587,CRMLS,PF25057255,N,Y,34.1468978,-117.8947393
MLS Listing,,Single Family Residential,21725 Don Gee Ct,Saugus,CA,91350,1065000,4,3.0,Ridge View (RDGV),2804,9725,1991,6,380,22,Active,,,https://www.redfin.com/CA/Santa-Clarita/21725-Don-Gee-Ct-91350/home/6384330,CRMLS,SR25057174,N,Y,34.4588175,-118.5152106
MLS Listing,,Condo/Co-op,628 Daisy Ave #316,Long Beach,CA,90802,425000,1,1.0,Downtown (DT),624,54034,1984,9,681,470,Active,,,https://www.redfin.com/CA/Long-Beach/628-Daisy-Ave-90802/unit-316/home/7616547,CRMLS,SB25055212,N,Y,33.7747686,-118.1989002
MLS Listing,,Single Family Residential,765 Mccarthy,Los Angeles,CA,90048,2345000,3,2.5,C19 - Beverly Center-Miracle Mile,2629,9218,1933,10,892,,Active,,,https://www.redfin.com/CA/Los-Angeles/765-McCarthy-Vis-90048/home/6915570,CRMLS,SB25055688,N,Y,34.06199718,-118.3673555
MLS Listing,,Condo/Co-op,2645 Gage Ave Unit B,El Monte,CA,91733,710000,4,3.0,619 - El Monte,1500,23725,1990,10,473,160,Active,,,https://www.redfin.com/CA/El-Monte/2645-Gage-Ave-91733/unit-B/home/7795379,CRMLS,OC25055561,N,Y,34.0599699,-118.0407818
MLS Listing,,Single Family Residential,4312 Don Luis Dr,Los Angeles,CA,90008,1599000,3,3.0,PHHT - Park Hills Heights,2004,7868,1955,10,798,,Active,,,https://www.redfin.com/CA/Los-Angeles/4312-Don-Luis-Dr-90008/home/6878274,CRMLS,SB25053700,N,Y,34.0057963,-118.3482927
MLS Listing,,Single Family Residential,7816 Quartz Ave,Winnetka,CA,91306,999000,3,2.5,WIN - Winnetka,2108,5182,1972,10,474,,Active,,,https://www.redfin.com/CA/Winnetka/7816-Quartz-Ave-91306/home/3670810,CRMLS,BB25055683,N,Y,34.2126206,-118.5638814
MLS Listing,,Single Family Residential,5701 Agnes Ave,Valley Village,CA,91607,1099000,3,2.0,VVL - Valley Village,1654,6241,1961,10,664,,Active,,,https://www.redfin.com/CA/Valley-Village/5701-Agnes-Ave-91607/home/5171277,CRMLS,BB25049216,N,Y,34.1739725,-118.3957108
MLS Listing,,Condo/Co-op,1912 Broadway #311,Santa Monica,CA,90404,1115000,2,2.0,Santa Monica,991,15011,2008,10,1125,425,Active,,,https://www.redfin.com/CA/Santa-Monica/1912-Broadway-90404/unit-311/home/12546243,TheMLS,25511011,N,Y,34.0266283,-118.4789252
MLS Listing,,Single Family Residential,2 Bormes,Irvine,CA,92614,1618800,3,2.5,Tierra (TR),1694,4400,1989,10,956,53,Active,,,https://www.redfin.com/CA/Irvine/2-Bormes-92614/home/4661367,CRMLS,OC25055555,N,Y,33.6817564,-117.8200598
MLS Listing,,Condo/Co-op,15221 Kensington Park Dr,Tustin,CA,92782,938000,2,2.5,Cambridge Lane (CAML),1324,16054,2007,10,708,475,Active,,,https://www.redfin.com/CA/Tustin/15221-Kensington-Park-Dr-92782/home/17470645,CRMLS,OC25054924,N,Y,33.7125731,-117.8183268
MLS Listing,,Condo/Co-op,240 Nice Ln #215,Newport Beach,CA,92663,727000,1,1.0,Villa Balboa (VBAL),911,31542,1979,10,798,634,Active,,,https://www.redfin.com/CA/Newport-Beach/240-Nice-Ln-92663/unit-215/home/5263651,CRMLS,OC25050718,N,Y,33.624542,-117.934105
MLS Listing,,Single Family Residential,11328 Felson St,Cerritos,CA,90703,1289000,4,2.5,"RB - Cerritos South of 91 Frwy, E of Norwalk",2095,5681,1968,10,615,,Active,,,https://www.redfin.com/CA/Cerritos/11328-Felson-St-90703/home/7473100,CRMLS,PW25050633,N,Y,33.8687914,-118.0919995
MLS Listing,,Single Family Residential,15059 Palm Ave,Hacienda Hts,CA,91745,899000,4,2.0,631 - Hacienda Heights,1946,6893,1957,10,462,,Active,,,https://www.redfin.com/CA/Hacienda-Heights/15059-Palm-Ave-91745/home/7842455,CRMLS,CV25052978,N,Y,34.0127468,-117.9799893
MLS Listing,,Single Family Residential,20535 W Bluebird Ct,Porter Ranch,CA,91326,2399000,5,5.5,PORA - Porter Ranch,4278,8480,2021,11,561,400,Active,,,https://www.redfin.com/CA/Chatsworth/20535-W-Bluebird-Ct-91311/home/169915661,CRMLS,BB25046272,N,Y,34.297511,-118.581208
MLS Listing,,Condo/Co-op,27930 Tyler Ln #401,Canyon Country,CA,91387,395000,3,2.0,Amer. Beauty Condos (ABCO),934,107738,1984,11,423,522,Active,,,https://www.redfin.com/CA/Canyon-Country/27930-Tyler-Ln-91387/unit-401/home/6036379,CRMLS,SR25054806,N,Y,34.4212806,-118.4500279
MLS Listing,,Single Family Residential,1313 Rosario Cir,Placentia,CA,92870,1175000,4,3.0,Other (OTHR),2225,8500,1966,11,528,,Active,,,https://www.redfin.com/CA/Placentia/1313-Rosario-Cir-92870/home/4219833,CRMLS,OC25053459,N,Y,33.886879,-117.8416059
MLS Listing,,Condo/Co-op,1818 W Bushell St,Anaheim,CA,92805,1075000,3,3.5,Other (OTHR),1876,509350,2022,11,573,330,Active,,,https://www.redfin.com/CA/Anaheim/1818-W-Bushell-St-92805/home/182250896,CRMLS,OC25052455,N,Y,33.809941,-117.907661
MLS Listing,,Single Family Residential,1419 Prism Dr,Los Angeles,CA,90041,1075000,3,3.5,618 - Eagle Rock,1541,1294,2015,11,698,80,Active,,,https://www.redfin.com/CA/Los-Angeles/1419-Prism-Dr-90041/home/103996686,CRMLS,BB25050597,N,Y,34.1224115,-118.2209146
MLS Listing,,Condo/Co-op,4589 Via Marisol #160,Los Angeles,CA,90042,549999,2,1.0,676 - Monterey Hills,1015,222522,1981,11,542,654,Active,,,https://www.redfin.com/CA/Los-Angeles/4589-Via-Marisol-90042/unit-160/home/6998160,CRMLS,BB25044284,N,Y,34.0986685,-118.1825102
MLS Listing,,Condo/Co-op,6020 Seabluff Dr #430,Playa Vista,CA,90094,1175000,2,2.5,C39 - Playa Vista,1410,92059,2006,12,833,994,Active,,,https://www.redfin.com/CA/Playa-Vista/6020-Seabluff-Dr-90094/unit-430/home/17233523,CRMLS,SB25050736,N,Y,33.9734736,-118.4222843
MLS Listing,,Single Family Residential,26632 Fallen Oak Ct,Valencia,CA,91381,2250000,5,4.5,Oakmont (OAKMT),4377,10540,2003,12,514,397,Active,,,https://www.redfin.com/CA/Valencia/26632-Fallen-Oak-Ct-91381/home/8122993,CRMLS,BB25050716,N,Y,34.4036913,-118.5891025
MLS Listing,,Single Family Residential,1026 S Victoria Ave,Los Angeles,CA,90019,1390000,2,2.0,HPK - Hancock Park,1462,8585,1920,12,951,,Active,,,https://www.redfin.com/CA/Los-Angeles/1026-S-Victoria-Ave-90019/home/6911563,CRMLS,PF25050974,N,Y,34.0543079,-118.3242307
MLS Listing,,Condo/Co-op,525 S Ardmore Ave #108,Los Angeles,CA,90020,418000,1,1.0,KREA - Koreatown,566,73535,1973,12,739,389,Active,,,https://www.redfin.com/CA/Los-Angeles/525-S-Ardmore-Ave-90020/unit-108/home/7090113,CRMLS,BB25052633,N,Y,34.0650976,-118.3018377
MLS Listing,,Single Family Residential,2135 Monte Vista St,Pasadena,CA,91107,1699000,4,2.0,646 - Pasadena (NE),1740,7932,1926,12,976,,Active,,,https://www.redfin.com/CA/Pasadena/2135-Monte-Vista-St-91107/home/7205853,CRMLS,PF25002979,N,Y,34.1555804,-118.1065131
MLS Listing,,Condo/Co-op,255 Main St #103,Venice,CA,90291,995000,2,2.0,C11 - Venice,1188,73400,1989,13,838,820,Active,,,https://www.redfin.com/CA/Venice/255-Main-St-90291/unit-103/home/6776798,CRMLS,SB25049514,N,Y,33.9962181,-118.4782744
MLS Listing,,Single Family Residential,21040 Hackney St,Canoga Park,CA,91304,999000,3,3.0,Canoga Park,1912,6402,1967,13,522,,Active,,,https://www.redfin.com/CA/Canoga-Park/21040-Hackney-St-91304/home/5875142,TheMLS,25509303,N,Y,34.2229123,-118.5923234
MLS Listing,,Condo/Co-op,1921 17th St #5,Santa Monica,CA,90404,1299000,3,2.5,C14 - Santa Monica,1252,7750,1991,15,1038,495,Active,,,https://www.redfin.com/CA/Santa-Monica/1921-17th-St-90404/unit-5/home/6767145,CRMLS,PW25040701,N,Y,34.019349,-118.474101
MLS Listing,,Condo/Co-op,21675 Paseo Casiano,Mission Viejo,CA,92692,889800,2,2.0,Other (OTHR),1387,118966,1995,17,642,770,Active,,,https://www.redfin.com/CA/Mission-Viejo/21675-Paseo-Casiano-92692/home/5418712,CRMLS,OC25049149,N,Y,33.647281,-117.6258633
MLS Listing,,Single Family Residential,19183 Bension Dr,Saugus,CA,91350,1399000,5,5.0,Custom Plum Canyon (CPLUM),4635,6248,2018,17,302,178,Active,,,https://www.redfin.com/CA/Santa-Clarita/19183-Bension-Dr-91350/home/22696140,CRMLS,BB25048424,N,Y,34.4500951,-118.4696304
MLS Listing,,Single Family Residential,16120 Dearborn St,North Hills,CA,91343,999000,4,3.0,North Hills,2498,8940,1957,17,400,,Active,,,https://www.redfin.com/CA/North-Hills/16120-Dearborn-St-91343/home/5715265,TheMLS,25504065,N,Y,34.2372724,-118.4836112
MLS Listing,,Townhouse,19772 Keswick Ln,Huntington Beach,CA,92646,674999,2,1.5,Huntington Continental (HCON),864,640,1965,17,781,312,Active,,,https://www.redfin.com/CA/Huntington-Beach/19772-Keswick-Ln-92646/home/3801547,CRMLS,OC25040601,N,Y,33.6756,-117.957777
MLS Listing,,Single Family Residential,46 Nebraska,Irvine,CA,92606,1899800,5,3.0,Revere (REVE),2239,3610,1999,18,849,177,Active,,,https://www.redfin.com/CA/Irvine/46-Nebraska-92606/home/4678606,CRMLS,OC25048147,N,Y,33.7140108,-117.788419
MLS Listing,,Single Family Residential,20 Nevada,Irvine,CA,92606,2699800,5,3.5,Cambridge (CAMB),3062,8459,1998,18,882,177,Active,,,https://www.redfin.com/CA/Irvine/20-Nevada-92606/home/4678246,CRMLS,OC25048704,N,Y,33.7129149,-117.7936157
MLS Listing,,Single Family Residential,614 E Mountain St,Pasadena,CA,91104,1149000,4,2.0,646 - Pasadena (NE),1196,5591,1907,18,961,,Active,,,https://www.redfin.com/CA/Pasadena/614-E-Mountain-St-91104/home/7194192,CRMLS,BB25041584,N,Y,34.1613521,-118.1377969
MLS Listing,,Single Family Residential,6404 Rodgerton Dr,Los Angeles,CA,90068,1228000,2,2.0,C30 - Hollywood Hills East,1052,5645,1926,18,1167,,Active,,,https://www.redfin.com/CA/Los-Angeles/6404-Rodgerton-Dr-90068/home/7130060,CRMLS,BB25040444,N,Y,34.1240425,-118.3224608
MLS Listing,,Single Family Residential,531 Sefton Ave,Monterey Park,CA,91755,2299999,5,4.0,641 - Monterey Park,3093,6752,2007,19,744,,Active,,,https://www.redfin.com/CA/Monterey-Park/531-Sefton-Ave-91755/home/6974488,CRMLS,PF25039033,N,Y,34.0557504,-118.1148948
MLS Listing,,Single Family Residential,237 E 57th St,Long Beach,CA,90805,800000,2,1.0,North Long Beach (NLB),1189,3370,1948,20,673,,Active,,,https://www.redfin.com/CA/Long-Beach/237-E-57th-St-90805/home/7513429,CRMLS,SB25043518,N,Y,33.8594347,-118.1910339
MLS Listing,,Condo/Co-op,3690 S Bear St #5,Santa Ana,CA,92704,399500,2,2.0,South Coast Springs (SCSP),1093,79481,1984,20,366,550,Active,,,https://www.redfin.com/CA/Santa-Ana/3690-S-Bear-St-92704/unit-5/home/5279618,CRMLS,OC25044386,N,Y,33.698582,-117.8925392
MLS Listing,,Single Family Residential,28403 Calex Dr,Valencia,CA,91354,1049000,5,3.0,Hartford (HART),2568,4466,1998,20,408,59,Active,,,https://www.redfin.com/CA/Valencia/28403-Calex-Dr-91354/home/5952256,CRMLS,SR25044190,N,Y,34.4646495,-118.5488605
MLS Listing,,Single Family Residential,1234 Hillcrest Dr,Pomona,CA,91768,995000,4,3.0,687 - Pomona,2998,27809,1939,23,332,,Active,,,https://www.redfin.com/CA/Pomona/1234-Hillcrest-Dr-91768/home/51587112,CRMLS,PF25040382,N,Y,34.0790861,-117.768525
MLS Listing,,Condo/Co-op,3220 Altura Ave #129,La Crescenta,CA,91214,459000,1,1.0,635 - La Crescenta/Glendale Montrose & Annex,610,92713,1977,23,752,348,Active,,,https://www.redfin.com/CA/La-Crescenta/3220-Altura-Ave-91214/unit-129/home/12289576,CRMLS,BB25042417,N,Y,34.22506,-118.24948
MLS Listing,,Single Family Residential,3 Greenvale,Rancho Santa Margarita,CA,92688,1429999,4,3.0,R2 - Rancho Santa Margarita Central,2268,5100,1996,23,631,171,Active,,,https://www.redfin.com/CA/Rancho-Santa-Margarita/3-Greenvale-92688/home/5026008,CRMLS,IV25040629,N,Y,33.5977627,-117.6228298
MLS Listing,,Single Family Residential,3700 Olympiad Dr,View Park,CA,90043,1658000,3,2.0,VWPK - View Park,2301,7353,1936,23,721,,Active,,,https://www.redfin.com/CA/View-Park/3700-Olympiad-Dr-90043/home/6868266,CRMLS,SB25041552,N,Y,33.9993393,-118.3377985
MLS Listing,,Single Family Residential,13841 Typee Way,Irvine,CA,92620,1999900,4,3.0,Racquet Club (RC),2250,6000,1970,24,889,,Active,,,https://www.redfin.com/CA/Irvine/13841-Typee-Way-92620/home/4776677,CRMLS,OC25042346,N,Y,33.7105891,-117.7780923
MLS Listing,,Single Family Residential,405 W 9th St,Pomona,CA,91766,673000,3,3.0,687 - Pomona,1279,2303,2021,24,526,,Active,,,https://www.redfin.com/CA/Pomona/405-W-9th-St-91766/home/172258324,CRMLS,PF25041816,N,Y,34.0516036,-117.7534104
MLS Listing,,Condo/Co-op,7851 Southlake Dr #6,Huntington Beach,CA,92647,629000,2,1.0,Mill Stream (MSRM),971,147847,1980,24,648,475,Active,March-30-2025 01:00 PM,March-30-2025 04:00 PM,https://www.redfin.com/CA/Huntington-Beach/7851-Southlake-Dr-92647/unit-6/home/5632134,CRMLS,OC25031233,N,Y,33.7161625,-117.9916634
MLS Listing,,Condo/Co-op,23722 Sea Breeze Ln #9,Laguna Niguel,CA,92677,565000,1,1.0,Niguel Vista Condos (NVC),671,147203,1983,25,842,438,Active,,,https://www.redfin.com/CA/Laguna-Niguel/23722-Sea-Breeze-Ln-92677/unit-9/home/5402178,CRMLS,OC25042327,N,Y,33.5308121,-117.7153239
MLS Listing,,Townhouse,790 Meyer Ln #5,Redondo Beach,CA,90278,995000,2,2.5,153 - N Redondo Bch/El Nido,1315,34702,1984,25,757,490,Active,,,https://www.redfin.com/CA/Redondo-Beach/790-Meyer-Ln-90278/unit-5/home/6696622,CRMLS,SB25040902,N,Y,33.8610671,-118.3696311
MLS Listing,,Condo/Co-op,655 S Hope St #1407,Los Angeles,CA,90017,540000,2,2.0,C42 - Downtown L.A.,930,11677,1964,25,581,1204,Active,,,https://www.redfin.com/CA/Los-Angeles/655-S-Hope-St-90017/unit-1407/home/28611073,CRMLS,BB25037242,N,Y,34.0483388,-118.2576416
MLS Listing,,Single Family Residential,5457 Encino Ave,Encino,CA,91316,2750000,2,2.0,ENC - Encino,2260,43037,1939,25,1217,,Active,,,https://www.redfin.com/CA/Encino/5457-Encino-Ave-91316/home/4766920,CRMLS,SR25040353,N,Y,34.1707879,-118.5152745
MLS Listing,,Condo/Co-op,12848 Timber Rd #33,Garden Grove,CA,92840,550000,2,2.0,Other (OTHR),1041,69034,1978,25,528,658,Active,,,https://www.redfin.com/CA/Garden-Grove/12848-Timber-Rd-92840/unit-33/home/5512890,CRMLS,OC25040452,N,Y,33.7764667,-117.9116502
MLS Listing,,Single Family Residential,3664 Fanwood Ave,Long Beach,CA,90808,1050000,3,2.0,"33 - Lakewood Plaza, Rancho",1164,6491,1950,25,902,,Active,,,https://www.redfin.com/CA/Long-Beach/3664-Fanwood-Ave-90808/home/7563102,CRMLS,PW25033954,N,Y,33.824125,-118.1152885
MLS Listing,,Single Family Residential,1088 Del Mar Ave,Laguna Beach,CA,92651,4799800,4,4.5,Arch Beach Heights (ABH),3100,5000,1953,25,1548,,Active,,,https://www.redfin.com/CA/Laguna-Beach/1088-Del-Mar-Ave-92651/home/4897142,CRMLS,OC25040347,N,Y,33.5307454,-117.7619624
MLS Listing,,Condo/Co-op,136 Cadence,Irvine,CA,92618,1624900,3,2.5,Other (OTHR),2012,,2018,26,808,463,Active,,,https://www.redfin.com/CA/Irvine/136-Cadence-92618/home/169481880,CRMLS,OC25040369,N,Y,33.6849362,-117.7402001
MLS Listing,,Single Family Residential,126 W Century Blvd,Los Angeles,CA,90003,440000,1,1.0,C37 - Metropolitan South,918,3566,1950,26,479,,Active,,,https://www.redfin.com/CA/Los-Angeles/126-W-Century-Blvd-90003/home/7305301,CRMLS,OC25038826,N,Y,33.9453272,-118.2749426
MLS Listing,,Condo/Co-op,1045 N Kings Rd #105,West Hollywood,CA,90069,729000,2,2.0,C10 - West Hollywood Vicinity,1312,20000,1968,30,556,660,Active,,,https://www.redfin.com/CA/West-Hollywood/1045-N-Kings-Rd-90069/unit-105/home/7104948,CRMLS,SB25039376,N,Y,34.09007,-118.3721676
MLS Listing,,Single Family Residential,4319 Admirable Dr,Rancho Palos Verdes,CA,90275,1200000,3,2.5,169 - PV Dr South,1865,11799,1956,30,643,,Active,,,https://www.redfin.com/CA/Rancho-Palos-Verdes/4319-Admirable-Dr-90275/home/7737951,CRMLS,PW25037134,N,Y,33.7381469,-118.3558063
MLS Listing,,Single Family Residential,4510 Tourmaline St,Los Angeles,CA,90032,849000,2,3.0,621 - El Sereno,1200,2865,1928,31,708,,Active,,,https://www.redfin.com/CA/Los-Angeles/4510-Tourmaline-St-90032/home/6949392,CRMLS,BB25033983,N,Y,34.0787542,-118.1917457
MLS Listing,,Single Family Residential,6655 Emmet,Los Angeles,CA,90068,1950000,2,2.0,C03 - Sunset Strip - Hollywood Hills West,2268,4210,1920,31,860,,Active,,,https://www.redfin.com/CA/Los-Angeles/6655-Emmet-Ter-90068/home/7127203,CRMLS,BB25036213,N,Y,34.1062079,-118.3348371
MLS Listing,,Condo/Co-op,3120 Sepulveda Blvd #216,Torrance,CA,90505,399000,1,1.0,127 - South East Torrance - West,526,47859,2002,31,759,450,Active,,,https://www.redfin.com/CA/Torrance/3120-Sepulveda-Blvd-90505/unit-216/home/8139503,CRMLS,SB25037088,N,Y,33.8236527,-118.3419954
MLS Listing,,Single Family Residential,40 Downfield Way,Coto De Caza,CA,92679,2050000,5,3.0,Other (OTHR),3497,5555,1995,31,586,353,Active,,,https://www.redfin.com/CA/Trabuco-Canyon/40-Downfield-Way-92679/home/5020507,CRMLS,OC25035901,N,Y,33.5813518,-117.5873094
MLS Listing,,Multi-Family (2-4 Unit),4233 Michigan Ave,Los Angeles,CA,90063,840000,4,4.0,BOYH - Boyle Heights,1379,3970,1925,31,609,,Active,,,https://www.redfin.com/CA/Los-Angeles/4233-Michigan-Ave-90063/home/6959676,CRMLS,CV25037552,N,Y,34.0388753,-118.1746466
MLS Listing,,Condo/Co-op,435 S La Fayette Park Pl #311,Los Angeles,CA,90057,749000,2,2.0,KREA - Koreatown,1450,46963,1981,31,517,620,Active,,,https://www.redfin.com/CA/Los-Angeles/435-S-La-Fayette-Park-Pl-90057/unit-311/home/6934879,CRMLS,BB25034139,N,Y,34.0647424,-118.2825394
MLS Listing,,Condo/Co-op,13220 Valleyheart Dr #106,Studio City,CA,91604,725000,2,2.5,STUD - Studio City,1294,16672,1988,31,560,525,Active,,,https://www.redfin.com/CA/Studio-City/13220-Valleyheart-Dr-91604/unit-106/home/5247696,CRMLS,BB25028493,N,Y,34.1476546,-118.4205546
MLS Listing,,Single Family Residential,50000 190th St W,Lancaster,CA,93536,950000,6,3.0,699 - Not Defined,1501,3457338,1933,32,633,,Active,,,https://www.redfin.com/CA/Lancaster/50000-190th-St-W-93536/home/6388297,CRMLS,SR25036975,N,Y,34.790291,-118.462132
MLS Listing,,Single Family Residential,49646 230th St W,Lancaster,CA,93536,505000,3,2.0,699 - Not Defined,1200,422498,1990,32,421,,Active,,,https://www.redfin.com/CA/Lancaster/49646-230th-St-W-93536/home/6394687,CRMLS,SR25036971,N,Y,34.7910806,-118.5357384
MLS Listing,,Mobile/Manufactured Home,50206 230th St W,Lancaster,CA,93536,505000,3,2.0,699 - Not Defined,1307,422594,1990,32,386,,Active,,,https://www.redfin.com/CA/Lancaster/50206-230th-St-W-93536/home/6394682,CRMLS,SR25036857,N,Y,34.7930205,-118.5355842
MLS Listing,,Single Family Residential,22642 Hatteras St,Woodland Hills,CA,91367,1450000,3,3.0,WHLL - Woodland Hills,1468,10805,1955,32,988,,Active,,,https://www.redfin.com/CA/Woodland-Hills/22642-Hatteras-St-91367/home/3225027,CRMLS,BB25036047,N,Y,34.1756093,-118.6204833
MLS Listing,,Single Family Residential,23735 Park Belmonte,Calabasas,CA,91302,3299000,5,4.0,CLB - Calabasas,4335,17498,1970,33,761,23,Active,,,https://www.redfin.com/CA/Calabasas/23735-Park-Belmonte-91302/home/3503608,CRMLS,SR25035905,N,Y,34.1446679,-118.645265
MLS Listing,,Single Family Residential,44261 Sunmist Ct,Lancaster,CA,93535,595000,5,4.0,LAC - Lancaster,3661,7153,2006,36,163,,Active,,,https://www.redfin.com/CA/Lancaster/44261-Sunmist-Ct-93535/home/8179943,CRMLS,SR25022598,N,Y,34.6875933,-118.1004175
MLS Listing,,Single Family Residential,7602 N Courage Way,Van Nuys,CA,91405,799000,4,2.5,VN - Van Nuys,1574,2091,2016,38,508,20,Active,,,https://www.redfin.com/CA/Van-Nuys/7602-N-Courage-Way-91405/home/110149455,CRMLS,BB25027777,N,Y,34.2087313,-118.4642249
MLS Listing,,Single Family Residential,34523 Calle Naranja,Dana Point,CA,92624,1599000,5,3.0,Other (OTHR),2424,5240,1973,38,660,,Active,,,https://www.redfin.com/CA/Capistrano-Beach/34523-Calle-Naranja-92624/home/3573244,CRMLS,OC25031011,N,Y,33.461386,-117.657438
MLS Listing,,Single Family Residential,10352 Anzac Ave,Los Angeles,CA,90002,749000,7,5.0,C37 - Metropolitan South,2660,3251,2006,39,282,,Active,,,https://www.redfin.com/CA/Los-Angeles/10352-Anzac-Ave-90002/home/12287025,CRMLS,SB25028945,N,Y,33.9416139,-118.237712
MLS Listing,,Townhouse,11274 Morrison St #2,North Hollywood,CA,91601,679000,2,2.5,NHO - North Hollywood,1276,13006,1983,39,532,550,Active,,,https://www.redfin.com/CA/North-Hollywood/11274-Morrison-St-91601/unit-2/home/5209424,CRMLS,BB25028550,N,Y,34.1605615,-118.3769472
MLS Listing,,Single Family Residential,588 W Buntzman Way,Los Angeles,CA,90065,1095000,3,3.5,Cypress Park,1638,1163,2021,39,668,168,Active,March-29-2025 12:00 PM,March-29-2025 02:00 PM,https://www.redfin.com/CA/Los-Angeles/588-Buntzman-Way-90065/home/173221762,TheMLS,25497557,N,Y,34.0867449,-118.2231421
MLS Listing,,Condo/Co-op,2947 W Lincoln Ave #5,Anaheim,CA,92801,920000,3,3.5,Other (OTHR),1916,133537,2023,39,480,248,Active,,,https://www.redfin.com/CA/Anaheim/2947-W-Lincoln-Ave-92801/unit-5/home/188067613,CRMLS,OC25026712,N,Y,33.833064,-117.991325
MLS Listing,,Condo/Co-op,5530 Owensmouth Ave #306,Woodland Hills,CA,91367,429000,1,1.0,WHLL - Woodland Hills,740,70398,1987,40,580,501,Active,,,https://www.redfin.com/CA/Woodland-Hills/5530-Owensmouth-Ave-91367/unit-306/home/8150388,CRMLS,BB25031398,N,Y,34.1705435,-118.6002031
MLS Listing,,Condo/Co-op,211 Elkhorn,Irvine,CA,92618,1225000,3,3.5,Other (OTHR),1695,19576,2019,40,723,401,Active,,,https://www.redfin.com/CA/Irvine/211-Elkhorn-92618/home/173436243,CRMLS,OC25020014,N,Y,33.6986698,-117.7018959
MLS Listing,,Mobile/Manufactured Home,14851 Jeffrey Rd #65,Irvine,CA,92618,280000,2,2.0,Meadows Trailer Park (TM),,1789855,2005,41,,,Active,,,https://www.redfin.com/CA/Irvine/14851-Jeffrey-Rd-92618/unit-65/home/7021254,CRMLS,OC25028666,N,Y,33.6866501,-117.7721689
MLS Listing,,Single Family Residential,32322 Conqueror Dr,Rancho Palos Verdes,CA,90275,1695000,3,2.5,169 - PV Dr South,1834,12318,1960,41,924,,Active,,,https://www.redfin.com/CA/Rancho-Palos-Verdes/32322-Conqueror-Dr-90275/home/7738156,CRMLS,SB25025856,N,Y,33.7356859,-118.3481581
MLS Listing,,Condo/Co-op,870 Cinnamon Ln #60,Duarte,CA,91010,448888,2,2.0,617 - Duarte,994,85351,1984,41,452,613,Active,,,https://www.redfin.com/CA/Duarte/870-Cinnamon-Ln-91010/unit-60/home/7977255,CRMLS,CV25021483,N,Y,34.1273497,-117.9873632
MLS Listing,,Single Family Residential,4330 Alhama Dr,Woodland Hills,CA,91364,1399000,4,3.5,WHLL - Woodland Hills,3148,5542,2001,44,444,,Active,,,https://www.redfin.com/CA/Woodland-Hills/4330-Alhama-Dr-91364/home/4211930,CRMLS,BB25025559,N,Y,34.1493315,-118.5929221
MLS Listing,,Single Family Residential,14 Calle Del Cabos,Phillips Ranch,CA,91766,825000,3,2.5,687 - Pomona,1814,3383,1988,44,455,167,Active,,,https://www.redfin.com/CA/Pomona/14-Calle-del-Cabos-91766/home/8055030,CRMLS,OC24252450,N,Y,34.0369426,-117.782942
MLS Listing,,Single Family Residential,3852 Keswick Rd,La Canada Flintridge,CA,91011,4900000,5,4.5,634 - La Canada Flintridge,5200,17100,1925,44,942,,Active,,,https://www.redfin.com/CA/La-Canada-Flintridge/3852-Keswick-Rd-91011/home/7167104,CRMLS,PF25019045,N,Y,34.1857264,-118.1976609
MLS Listing,,Single Family Residential,2020 Coldwater Canyon Dr,Beverly Hills,CA,90210,2899000,5,5.0,C02 - Beverly Hills Post Office,3272,12873,1930,45,886,,Active,,,https://www.redfin.com/CA/Beverly-Hills/2020-Coldwater-Canyon-Dr-90210/home/6834383,CRMLS,PF25024657,N,Y,34.1091452,-118.4047249
MLS Listing,,Single Family Residential,5625 E Calle Canada,Anaheim Hills,CA,92807,1635000,5,3.0,699 - Not Defined,3550,8450,1976,45,461,200,Active,,,https://www.redfin.com/CA/Anaheim/5625-E-Calle-Canada-92807/home/4329864,CRMLS,PW25010288,N,Y,33.8452635,-117.7924447
MLS Listing,,Condo/Co-op,4455 Los Feliz Blvd #805,Los Angeles,CA,90027,849500,1,1.0,637 - Los Feliz,812,93238,1966,45,1046,1038,Active,,,https://www.redfin.com/CA/Los-Angeles/4455-Los-Feliz-Blvd-90027/unit-805/home/7132960,CRMLS,PF24246900,N,Y,34.1126214,-118.2864415
MLS Listing,,Condo/Co-op,16126 Cornuta Ave #117,Bellflower,CA,90706,499995,2,2.0,"Bellflower North of 91 Frwy, S of Alondra",1155,61047,1981,45,433,360,Active,,,https://www.redfin.com/CA/Bellflower/16126-Cornuta-Ave-90706/unit-117/home/7504962,TheMLS,25494273,N,Y,33.8876958,-118.1188412
MLS Listing,,Single Family Residential,20643 Calhaven Dr,Saugus,CA,91390,950000,4,2.5,Mountain View (MTVU),2061,39927,1979,46,461,,Active,,,https://www.redfin.com/CA/Santa-Clarita/20643-Calhaven-Dr-91390/home/5968730,CRMLS,BB25025683,N,Y,34.4614679,-118.4973052
MLS Listing,,Multi-Family (5+ Unit),5017 S San Pedro St,Los Angeles,CA,90011,1250000,6,6.0,C42 - Downtown L.A.,2720,7503,1925,51,460,,Active,,,https://www.redfin.com/CA/Los-Angeles/5017-S-San-Pedro-St-90011/home/6923180,CRMLS,OC25021441,N,Y,33.9968999,-118.2697813
MLS Listing,,Townhouse,11989 Laurelwood Dr #3,Studio City,CA,91604,1149000,3,2.5,STUD - Studio City,1783,10578,2004,51,644,810,Active,,,https://www.redfin.com/CA/Studio-City/11989-Laurelwood-Dr-91604/unit-3/home/8141395,CRMLS,SB25019962,N,Y,34.1419,-118.3928961
MLS Listing,,Single Family Residential,20307 Hartland St,Winnetka,CA,91306,1200000,4,3.5,WIN - Winnetka,2077,7502,1953,52,578,,Active,,,https://www.redfin.com/CA/Winnetka/20307-Hartland-St-91306/home/3946147,CRMLS,BB25019044,N,Y,34.1950019,-118.5757906
MLS Listing,,Townhouse,809 Temple Ter,Los Angeles,CA,90042,929000,3,2.5,676 - Monterey Hills,1647,384890,1980,55,564,575,Active,,,https://www.redfin.com/CA/Los-Angeles/809-Temple-Ter-90042/home/6997724,CRMLS,PF25012502,N,Y,34.1003078,-118.1808838
MLS Listing,,Condo/Co-op,4045 Abourne Rd Unit C,Los Angeles,CA,90008,465000,2,1.0,PHHT - Park Hills Heights,937,42919,1948,57,496,312,Active,,,https://www.redfin.com/CA/Los-Angeles/4045-Abourne-Rd-90008/unit-C/home/6880323,CRMLS,SB25015832,N,Y,34.0115637,-118.344745
MLS Listing,,Condo/Co-op,8505 Gulana Ave #5202,Playa Del Rey,CA,90293,619000,1,1.0,C31 - Playa Del Rey,856,96549,1986,58,723,671,Active,,,https://www.redfin.com/CA/Playa-del-Rey/8505-Gulana-Ave-90293/unit-5202/home/6632193,CRMLS,SB25014572,N,Y,33.9586173,-118.4353861
MLS Listing,,Condo/Co-op,14914 Hamlin St #104,Van Nuys,CA,91411,549000,2,2.0,VN - Van Nuys,930,30945,1992,58,590,330,Active,,,https://www.redfin.com/CA/Van-Nuys/14914-Hamlin-St-91411/unit-104/home/4601781,CRMLS,PF25014571,N,Y,34.1883044,-118.4578362
MLS Listing,,Condo/Co-op,12390 Chandler Blvd Unit J,Valley Village,CA,91607,725000,3,2.5,VVL - Valley Village,1446,75788,1974,58,501,608,Active,,,https://www.redfin.com/CA/Valley-Village/12390-Chandler-Blvd-91607/unit-J/home/5206570,CRMLS,OC25010086,N,Y,34.1682587,-118.4033921
MLS Listing,,Condo/Co-op,2700 E Cahuenga Blvd #3104,Los Angeles,CA,90068,479000,1,1.0,Hollywood,685,598715,1975,59,699,613,Active,,,https://www.redfin.com/CA/Los-Angeles/2700-Cahuenga-Blvd-E-90068/unit-3104/home/7128185,TheMLS,25-488713,N,Y,34.1186192,-118.3367818
MLS Listing,,Single Family Residential,7806 Crenshaw Blvd,Los Angeles,CA,90043,1125000,3,3.0,PHHT - Park Hills Heights,1588,4801,1933,59,708,,Active,,,https://www.redfin.com/CA/Los-Angeles/7806-Crenshaw-Blvd-90043/home/6427420,CRMLS,SB25008486,N,Y,33.9688111,-118.3305243
MLS Listing,,Single Family Residential,614 Belmont Ave,Los Angeles,CA,90026,1599000,3,4.0,671 - Silver Lake,1992,2434,2019,60,803,,Active,,,https://www.redfin.com/CA/Los-Angeles/614-Belmont-Ave-90026/home/28450116,CRMLS,BB25014837,N,Y,34.071287,-118.261752
MLS Listing,,Multi-Family (2-4 Unit),2908 S Sycamore Ave,Los Angeles,CA,90016,1299000,4,4.0,C16 - Mid Los Angeles,2008,7201,1924,62,647,,Active,,,https://www.redfin.com/CA/Los-Angeles/2908-S-Sycamore-Ave-90016/home/6891623,CRMLS,SB25002856,N,Y,34.0275584,-118.3559995
MLS Listing,,Condo/Co-op,18940 Canyon Smt,Trabuco Canyon,CA,92679,639000,2,2.0,Other (OTHR),936,29060,1989,65,683,547,Active,,,https://www.redfin.com/CA/Trabuco-Canyon/18940-Canyon-Smt-92679/home/5677348,CRMLS,IV25009395,N,Y,33.686924,-117.626862
MLS Listing,,Condo/Co-op,7826 Topanga Canyon Blvd #307,Canoga Park,CA,91304,379000,1,1.0,CP - Canoga Park,591,96193,1986,65,641,550,Active,,,https://www.redfin.com/CA/Canoga-Park/7826-Topanga-Canyon-Blvd-91304/unit-307/home/184819406,CRMLS,BB25010405,N,Y,34.2129585,-118.6056537
MLS Listing,,Condo/Co-op,700 Main St #4,Venice,CA,90291,1325000,1,2.0,C11 - Venice,1430,26073,2008,65,927,709,Active,,,https://www.redfin.com/CA/Venice/700-Main-St-90291/unit-4/home/17224405,CRMLS,SB25012171,N,Y,33.9936962,-118.475054
MLS Listing,,Single Family Residential,5254 Don Pio Dr,Woodland Hills,CA,91364,1870000,7,4.0,WHLL - Woodland Hills,3092,7248,1977,66,605,,Active,,,https://www.redfin.com/CA/Woodland-Hills/5254-Don-Pio-Dr-91364/home/4185300,CRMLS,SR25011237,N,Y,34.1658407,-118.6044971
MLS Listing,,Single Family Residential,12847 W Hemingway Dr,San Fernando,CA,91340,775000,4,3.0,SF - San Fernando,1754,71441,2017,67,442,145,Active,,,https://www.redfin.com/CA/San-Fernando/12847-W-Hemingway-Dr-91340/home/167250857,CRMLS,BB25008325,N,Y,34.288754,-118.412148
MLS Listing,,Mobile/Manufactured Home,8901 Eton Ave #33,Canoga Park,CA,91304,249900,3,2.0,Eton Mobile Home,1243,,1994,72,201,,Active,,,https://www.redfin.com/CA/Canoga-Park/8901-Eton-Ave-91304/unit-33/home/40353588,CRMLS,SR25007090,N,Y,34.2328249,-118.5958404
MLS Listing,,Condo/Co-op,1321 Beryl St #101,Redondo Beach,CA,90277,1095000,3,2.5,155 - S Redondo Bch N of Torrance Bl,1542,22638,1975,73,710,482,Active,,,https://www.redfin.com/CA/Redondo-Beach/1321-Beryl-St-90277/unit-101/home/7699893,CRMLS,SB25005890,N,Y,33.8551671,-118.378655
MLS Listing,,Single Family Residential,89 Baculo St,Rancho Mission Viejo,CA,92694,1159000,3,2.5,Aria (ESARI),1817,2178,2016,73,638,349,Active,,,https://www.redfin.com/CA/Rancho-Mission-Viejo/89-Baculo-St-92694/home/112726679,CRMLS,OC25005090,N,Y,33.5381432,-117.59601
MLS Listing,,Condo/Co-op,3327 Bahia Blanca E Unit C,Laguna Woods,CA,92637,699800,2,2.0,Leisure World (LW),1188,203435,1973,73,589,815,Active,,,https://www.redfin.com/CA/Laguna-Woods/3327-Bahia-Blanca-E-92637/unit-C/home/5376006,CRMLS,OC25004749,N,Y,33.6117075,-117.7449651
MLS Listing,,Single Family Residential,19201 Entradero Ave,Torrance,CA,90503,1339000,3,2.0,131 - West Torrance,1120,5224,1955,75,1196,,Active,,,https://www.redfin.com/CA/Torrance/19201-Entradero-Ave-90503/home/7713197,CRMLS,SB25000602,N,Y,33.8563795,-118.3700545
MLS Listing,,Single Family Residential,240 E 56th St,Los Angeles,CA,90011,524795,3,2.0,C42 - Downtown L.A.,932,3077,1901,76,563,,Active,,,https://www.redfin.com/CA/Los-Angeles/240-E-56th-St-90011/home/6919049,CRMLS,SB25001537,N,Y,33.9913776,-118.2703977
MLS Listing,,Single Family Residential,29654 Driver Ave,Castaic,CA,91384,849900,3,2.0,Custom Val Verde (CVVER),1268,26898,1992,80,670,,Active,,,https://www.redfin.com/CA/Castaic/29654-Driver-Ave-91384/home/6392689,CRMLS,SR24255179,N,Y,34.4450097,-118.6529363
MLS Listing,,Multi-Family (2-4 Unit),2312 W Slauson Ave,Los Angeles,CA,90043,899000,4,3.0,PHHT - Park Hills Heights,2312,2499,1955,86,389,,Active,,,https://www.redfin.com/CA/Los-Angeles/2312-W-Slauson-Ave-90043/home/6415205,CRMLS,SB24240319,N,Y,33.9888897,-118.319193
MLS Listing,,Single Family Residential,13808 Casimir Ave,Gardena,CA,90249,849900,3,2.0,114 - Hollypark,1282,5603,1956,90,663,,Active,,,https://www.redfin.com/CA/Gardena/13808-Casimir-Ave-90249/home/6525173,CRMLS,SB24229498,N,Y,33.9060325,-118.3220402
MLS Listing,,Single Family Residential,24431 Firenze Pl,Valencia,CA,91355,915000,3,2.0,San Marino (SANM),1571,6594,1988,96,582,96,Active,,,https://www.redfin.com/CA/Valencia/24431-Firenze-Pl-91355/home/6073324,CRMLS,SR24239004,N,Y,34.4098628,-118.5632615
MLS Listing,,Single Family Residential,3821 S Muirfield Rd,Los Angeles,CA,90008,1375000,4,2.0,PHHT - Park Hills Heights,1620,6165,1944,99,849,,Active,,,https://www.redfin.com/CA/Los-Angeles/3821-S-Muirfield-Rd-90008/home/6888544,CRMLS,PW24249150,N,Y,34.0168355,-118.3427881
MLS Listing,,Single Family Residential,5656 Hazeltine Ave,Valley Glen,CA,91401,899000,3,2.5,VG - Valley Glen,1671,1276,2015,100,538,160,Active,,,https://www.redfin.com/CA/Van-Nuys/5656-Hazeltine-Ave-91401/home/108287843,CRMLS,SR24249265,N,Y,34.1733212,-118.4394923
MLS Listing,,Condo/Co-op,2545 Via Campesina #303,Palos Verdes Estates,CA,90274,1175000,2,2.5,163 - Malaga Cove,1480,21386,1986,100,794,700,Active,,,https://www.redfin.com/CA/Palos-Verdes-Estates/2545-Via-Campesina-90274/unit-303/home/7723493,CRMLS,SB24247265,N,Y,33.8001332,-118.3872613
MLS Listing,,Townhouse,26703 Lexington Ln,Saugus,CA,91350,799900,5,4.0,Kensington (at River Village) (KENGT),2530,35206,2016,101,316,380,Active,,,https://www.redfin.com/CA/Santa-Clarita/26703-Lexington-Ln-91350/home/110207647,CRMLS,BB24247883,N,Y,34.42833,-118.510878
MLS Listing,,Mobile/Manufactured Home,2545 Shadow,Santa Ana,CA,92705,375000,2,2.0,Lake Park Santa Ana North,1344,1310069,1985,106,279,,Active,,,https://www.redfin.com/CA/Santa-Ana/2545-Shadow-Lk-92705/home/5143402,CRMLS,OC24246003,N,Y,33.771371,-117.845392
MLS Listing,,Condo/Co-op,121 S Hope St #423,Los Angeles,CA,90012,610000,2,2.0,C42 - Downtown L.A.,1227,67210,1980,108,497,1148,Active,,,https://www.redfin.com/CA/Los-Angeles/121-S-Hope-St-90012/unit-423/home/6933418,CRMLS,BB24229633,N,Y,34.0558133,-118.250925
MLS Listing,,Condo/Co-op,4838 Hollow Corner Rd #318,Culver City,CA,90230,729000,3,2.0,C28 - Culver City,1095,104916,1973,110,666,782,Active,,,https://www.redfin.com/CA/Culver-City/4838-Hollow-Corner-Rd-90230/unit-318/home/6784570,CRMLS,SB24241427,N,Y,34.006656,-118.389626
MLS Listing,,Townhouse,2014 Perry Ave Unit A,Redondo Beach,CA,90278,1479000,4,2.5,151 - N Redondo Bch/Villas North,2028,7479,1986,116,729,125,Active,,,https://www.redfin.com/CA/Redondo-Beach/2014-Perry-Ave-90278/unit-A/home/6679548,CRMLS,SB24238372,N,Y,33.881686,-118.3757099
MLS Listing,,Multi-Family (2-4 Unit),3424 Grand Ave,Huntington Park,CA,90255,780000,2,2.0,"T5 - WalnutPk, HuntPk, Bell N of Florence, and Cud",1242,4914,1936,122,628,,Active,,,https://www.redfin.com/CA/Huntington-Park/3424-Grand-Ave-90255/home/7379798,CRMLS,PF24232254,N,Y,33.9669715,-118.2058821
MLS Listing,,Multi-Family (2-4 Unit),610 E 24th St,Los Angeles,CA,90011,1070000,12,6.0,C42 - Downtown L.A.,4429,9644,1910,122,242,,Active,,,https://www.redfin.com/CA/Los-Angeles/610-E-24th-St-90011/home/6930031,CRMLS,BB24236061,N,Y,34.0238577,-118.2620869
MLS Listing,,Single Family Residential,149 Luneta Ln,Rancho Mission Viejo,CA,92694,989000,2,2.0,Vida (ESVDW),1267,3550,2018,123,781,448,Active,,,https://www.redfin.com/CA/Rancho-Mission-Viejo/149-Luneta-Ln-92694/home/167220314,CRMLS,OC24236772,N,Y,33.5503388,-117.6040136
MLS Listing,,Single Family Residential,217 E 106th St,Los Angeles,CA,90003,549000,2,1.0,C16 - Mid Los Angeles,996,5402,1926,129,551,,Active,,,https://www.redfin.com/CA/Los-Angeles/217-E-106th-St-90003/home/7311564,CRMLS,CV24230332,N,Y,33.9403726,-118.2710294
MLS Listing,,Townhouse,26961 Hillsborough #56,Valencia,CA,91354,545000,2,2.0,Rose Arbor (ROSE),863,75835,1996,133,632,341,Active,,,https://www.redfin.com/CA/Valencia/26961-Hillsborough-Pkwy-91354/unit-56/home/5964791,CRMLS,BB24216502,N,Y,34.4294819,-118.5465769
MLS Listing,,Single Family Residential,3346 Honeysuckle Ave,Palmdale,CA,93550,565000,4,3.0,PLM - Palmdale,2153,10224,1990,136,262,,Active,,,https://www.redfin.com/CA/Palmdale/3346-Honeysuckle-Ave-93550/home/6161411,CRMLS,SR24229341,N,Y,34.5767347,-118.067886
MLS Listing,,Single Family Residential,6218 Tobruk Ct,Long Beach,CA,90803,3075000,4,4.0,Bay Harbour (BYH),3055,3841,1986,142,1007,651,Active,,,https://www.redfin.com/CA/Long-Beach/6218-Tobruk-Ct-90803/home/7591783,CRMLS,PW24224981,N,Y,33.7639667,-118.1191391
MLS Listing,,Condo/Co-op,12128 Summer Ln,Whittier,CA,90602,830000,3,2.5,670 - Whittier,1509,40502,2021,157,550,378,Active,,,https://www.redfin.com/CA/Whittier/12128-Summer-Ln-90602/home/177979039,CRMLS,PW24212912,N,Y,33.975631,-118.052244
MLS Listing,,Single Family Residential,39317 Chalfont Ln,Palmdale,CA,93551,545000,4,3.0,Palmdale,2034,9147,1991,157,268,,Active,,,https://www.redfin.com/CA/Palmdale/39317-Chalfont-Ln-93551/home/6113818,AVMLS,24007863,N,Y,34.5966951,-118.1877504
MLS Listing,,Vacant Land,1220 Linda Flora,Bel Air,CA,90049,225000,,,C04 - Bel Air - Holmby Hills,,30811,,166,,,Active,,,https://www.redfin.com/CA/Bel-Air/1220-Linda-Flora-90077/home/160746499,CRMLS,SB24208524,N,Y,34.092735,-118.465256
MLS Listing,,Single Family Residential,2611 Steeplechase Ln,Diamond Bar,CA,91765,5280000,6,7.5,616 - Diamond Bar,7732,26797,1972,168,683,294,Active,,,https://www.redfin.com/CA/Diamond-Bar/2611-Steeplechase-Ln-91765/home/22917197,CRMLS,PF24197336,N,Y,33.9782393,-117.8329442
MLS Listing,,Vacant Land,2621 Steeplechase Ln,Diamond Bar,CA,91765,1400000,,,616 - Diamond Bar,,32137,,179,,294,Active,,,https://www.redfin.com/CA/Diamond-Bar/2621-Steeplechase-Ln-91765/home/103936903,CRMLS,PF24199417,N,Y,33.977995941,-117.8334393
MLS Listing,,Condo/Co-op,6250 Fulton Ave #104,Van Nuys,CA,91401,415000,1,1.0,VN - Van Nuys,830,12553,1983,183,500,372,Active,,,https://www.redfin.com/CA/Van-Nuys/6250-Fulton-Ave-91401/unit-104/home/17225928,CRMLS,BB24171762,N,Y,34.1844725,-118.4222196
MLS Listing,,Vacant Land,32 Avenue H8,Lancaster,CA,93536,390000,,,LAC - Lancaster,,222778,,230,,,Active,,,https://www.redfin.com/CA/Del-Sur/32-93536/home/191947943,CRMLS,SR24161475,N,Y,34.708494,-118.1907
MLS Listing,,Vacant Land,H8 Vic Avenue H8 32nd Stw Ave,Lancaster,CA,93536,390000,,,Lancaster,,222591,,230,,,Active,,,https://www.redfin.com/CA/Lancaster/H8-32nd-St-E-93535/home/191947790,AVMLS,24005800,N,Y,34.714293,-118.188354
MLS Listing,,Townhouse,26833 Shorebreak Ln #32,Valencia,CA,91355,730000,3,2.5,Waterford (WATRF),1844,22650,2001,278,396,475,Active,,,https://www.redfin.com/CA/Valencia/26833-Shorebreak-Ln-91355/unit-32/home/8114050,CRMLS,SR24123606,N,Y,34.4275009,-118.5462635
MLS Listing,,Condo/Co-op,3649 Glendon Ave #208,Los Angeles,CA,90034,719000,2,2.0,C13 - Palms - Mar Vista,1128,14440,1975,1,637,430,Pre On-Market,,,https://www.redfin.com/CA/Los-Angeles/3649-Glendon-Ave-90034/unit-208/home/6752268,CRMLS,SR25049955,N,Y,34.0202151,-118.4111543
MLS Listing,,Single Family Residential,5437 Heritage Oak Dr,Trabuco Canyon,CA,92679,2890000,4,3.5,TC - Trabuco Canyon,3918,7176,2021,1,738,394,Pre On-Market,April-5-2025 01:00 PM,April-5-2025 04:00 PM,https://www.redfin.com/CA/Trabuco-Canyon/5437-Heritage-Oak-Dr-92679/home/169476067,CRMLS,OC25063588,N,Y,33.6736024,-117.6348786
MLS Listing,,Single Family Residential,28145 Shady Meadow Ln,Yorba Linda,CA,92887,1995000,5,3.0,,2835,8800,1990,1,704,,Pre On-Market,,,https://www.redfin.com/CA/Yorba-Linda/28145-Shady-Meadow-Ln-92887/home/4288443,SDMLS,250022332,N,Y,33.8809442,-117.7047794
MLS Listing,,Single Family Residential,30592 Via Lindosa,Laguna Niguel,CA,92677,2795000,4,3.0,Paragon - Niguel Summit (PAR),2735,8000,1988,1,1022,185,Active,,,https://www.redfin.com/CA/Laguna-Niguel/30592-Via-Lindosa-92677/home/4936691,CRMLS,OC25063553,N,Y,33.5186616,-117.7236152
MLS Listing,,Single Family Residential,2623 E 127th St,Compton,CA,90222,360000,2,1.0,"RP - Compton S of Rosecrans, E of Central,W of Ala",764,3319,1924,1,471,,Active,,,https://www.redfin.com/CA/Compton/2623-E-127th-St-90222/home/7349988,CRMLS,TR25063326,N,Y,33.9172747,-118.2248229
MLS Listing,,Single Family Residential,41902 Montallegro St,Lancaster,CA,93536,849900,5,2.0,LAC - Lancaster,3124,14028,2004,1,272,119,Active,,,https://www.redfin.com/CA/Lancaster/41902-Montallegro-St-93536/home/8133082,CRMLS,SR25063640,N,Y,34.6440465,-118.2075848
MLS Listing,,Single Family Residential,703 Boccaccio Ave,Venice,CA,90291,2100000,3,2.0,C11 - Venice,1161,4000,1912,1,1809,,Pre On-Market,,,https://www.redfin.com/CA/Venice/703-Boccaccio-Ave-90291/home/6740662,CRMLS,NP25059001,N,Y,33.9903539,-118.4571904
MLS Listing,,Single Family Residential,1018 Olive Ln,La Canada Flintridge,CA,91011,2995000,5,5.0,634 - La Canada Flintridge,3935,32320,1940,1,761,,Active,March-25-2025 11:00 AM,March-25-2025 02:00 PM,https://www.redfin.com/CA/La-Canada-Flintridge/1018-Olive-Ln-91011/home/7246505,CRMLS,P1-21389,N,Y,34.2127232,-118.201031
MLS Listing,,Vacant Land,2 Culford Pl,Lake Elizabeth,CA,93532,48000,,,LEL - Lake Elizabeth,,20110,,1,,,Active,,,https://www.redfin.com/CA/Elizabeth-Lake/2-Culford-Pl-93532/home/195131475,CRMLS,SR25063641,N,Y,34.662293,-118.397035
MLS Listing,,Single Family Residential,3005 Minford St,Lancaster,CA,93536,700000,6,2.0,LAC - Lancaster,2736,9793,2005,1,256,,Active,,,https://www.redfin.com/CA/Lancaster/3005-Minford-St-93536/home/8145962,CRMLS,SR25063483,N,Y,34.694191,-118.1841439
MLS Listing,,Vacant Land,1 Culford Pl,Lake Elizabeth,CA,93532,24500,,,LEL - Lake Elizabeth,,10413,,1,,,Active,,,https://www.redfin.com/CA/Elizabeth-Lake/1-Culford-Pl-93532/home/195131461,CRMLS,SR25063636,N,Y,34.66208,-118.396883
MLS Listing,,Single Family Residential,1511 E Orange Grove Ave,Orange,CA,92867,1750000,4,3.5,Other (OTHR),2613,9148,1961,1,670,,Active,,,https://www.redfin.com/CA/Orange/1511-E-Orange-Grove-Ave-92867/home/4403281,CRMLS,OC25062798,N,Y,33.7966431,-117.8374559
MLS Listing,,Condo/Co-op,2108 S Ronda Granada S Unit N,Laguna Woods,CA,92637,461000,2,2.0,Leisure World (LW),1040,435600,1968,1,443,761,Pre On-Market,,,https://www.redfin.com/CA/Laguna-Woods/2108-Ronda-Granada-92637/unit-N/home/11916728,CRMLS,OC25063544,N,Y,33.6174538,-117.7148407
MLS Listing,,Single Family Residential,2804 Paseo Del Mar,Palos Verdes Estates,CA,90274,10900000,6,8.0,160 - Lunada Bay/Margate,8341,22173,2010,1,1307,,Active,,,https://www.redfin.com/CA/Palos-Verdes-Estates/2804-Paseo-del-Mar-90274/home/7725114,CRMLS,PV25063604,N,Y,33.7655951,-118.4200061
MLS Listing,,Vacant Land,0 Culford Pl,Lake Elizabeth,CA,93532,25500,,,LEL - Lake Elizabeth,,9697,,1,,,Active,,,https://www.redfin.com/CA/Lake-Hughes/Culford-Pl-93532/home/22396812,CRMLS,SR25063623,N,Y,34.662168,-118.397231
MLS Listing,,Single Family Residential,2200 Shenandoah Ln,Glendora,CA,91741,1899900,5,5.5,629 - Glendora,4556,10765,1987,1,417,82,Active,,,https://www.redfin.com/CA/Glendora/2200-Shenandoah-Ln-91741/home/8038681,CRMLS,TR25063451,N,Y,34.1372151,-117.8216269
MLS Listing,,Single Family Residential,124 Windermere Ln,Glendora,CA,91741,820000,3,2.0,629 - Glendora,1570,3836,1977,1,522,310,Active,March-29-2025 11:00 AM,March-29-2025 02:00 PM,https://www.redfin.com/CA/Glendora/124-Windermere-Ln-91741/home/8023922,CRMLS,CV25060264,N,Y,34.1370116,-117.8817128
MLS Listing,,Single Family Residential,13501 Terra Bella St,Pacoima,CA,91331,785000,4,2.0,PAC - Pacoima,1844,7343,1941,1,426,,Active,,,https://www.redfin.com/CA/Pacoima/13501-Terra-Bella-St-91331/home/5658665,CRMLS,SR25054248,N,Y,34.2522176,-118.4271774
MLS Listing,,Single Family Residential,30 Terraza Del Mar,Dana Point,CA,92629,2800000,3,2.5,Terraza Del Mar (TDM),2973,10750,1987,1,942,360,Active,March-29-2025 01:00 PM,March-29-2025 04:00 PM,https://www.redfin.com/CA/Dana-Point/30-Terraza-del-Mar-92629/home/4968788,CRMLS,OC25053733,N,Y,33.4879859,-117.6915033
MLS Listing,,Single Family Residential,2452 Ranchgrove Dr,Westlake Village,CA,91361,3295000,5,4.5,Westlake Village,3738,18954,1989,1,881,23,Active,,,https://www.redfin.com/CA/Westlake-Village/2452-Ranchgrove-Dr-91361/home/3434128,CSMAR,225001418,N,Y,34.1320116,-118.8452291
MLS Listing,,Single Family Residential,17532 Ludlow St,Granada Hills,CA,91344,1080000,3,2.0,GH - Granada Hills,1778,6802,1976,1,607,,Active,March-29-2025 12:00 PM,March-29-2025 04:00 PM,https://www.redfin.com/CA/Granada-Hills/17532-Ludlow-St-91344/home/5783978,CRMLS,SR25052847,N,Y,34.2707478,-118.5165141
MLS Listing,,Single Family Residential,17041 Ridge Park Dr,Hacienda Hts,CA,91745,990000,4,2.0,631 - Hacienda Heights,1728,7074,1965,1,573,,Pre On-Market,,,https://www.redfin.com/CA/Hacienda-Heights/17041-Ridge-Park-Dr-91745/home/7837917,CRMLS,SW25063598,N,Y,33.9953731,-117.9344112
MLS Listing,,Single Family Residential,13215 Riviera Ranch Rd,Los Angeles,CA,90049,28900000,5,7.0,Brentwood,9206,28247,2015,1,3139,,Active,,,https://www.redfin.com/CA/Los-Angeles/13215-Riviera-Ranch-Rd-90049/home/6847078,TheMLS,25515473,N,Y,34.0609107,-118.4969602
MLS Listing,,Single Family Residential,11424 Lemoncrest Ave,Sylmar,CA,91342,1599000,4,3.0,SYL - Sylmar,1914,13972,1962,1,835,,Active,,,https://www.redfin.com/CA/Sylmar/11424-Lemoncrest-Ave-91342/home/5464005,CRMLS,GD25060996,N,Y,34.2771423,-118.3569825
MLS Listing,,Multi-Family (2-4 Unit),319 14th St Unit B,Huntington Beach,CA,92648,2437500,6,4.0,Huntington Bay (HBAY),2334,3049,1964,1,1044,,Active,,,https://www.redfin.com/CA/Huntington-Beach/319-14th-St-92648/unit-B/home/3140317,CRMLS,RS25063593,N,Y,33.665466,-118.0079942
MLS Listing,,Mobile/Manufactured Home,1630 S Barranca Ave #104,Glendora,CA,91740,180000,3,2.0,Rancho Glendora Mobile Villas,1152,,1973,1,156,,Active,March-29-2025 11:00 AM,March-29-2025 03:00 PM,https://www.redfin.com/CA/Glendora/1630-Barranca-Ave-91740/unit-104/home/21658978,CRMLS,PW25063589,N,Y,34.1085992,-117.8797435
MLS Listing,,Multi-Family (2-4 Unit),10013 S Gramercy Pl,Los Angeles,CA,90047,850000,5,3.0,C34 - Los Angeles Southwest,1972,5653,1948,1,431,,Active,,,https://www.redfin.com/CA/Los-Angeles/10013-S-Gramercy-Pl-90047/home/7308338,CRMLS,PW25062955,N,Y,33.9449288,-118.313594
MLS Listing,,Multi-Family (2-4 Unit),541 Elm Ave,Inglewood,CA,90301,1649000,5,4.0,699 - Not Defined,3044,7419,1930,1,542,,Active,,,https://www.redfin.com/CA/Inglewood/541-Elm-Ave-90301/home/6453572,CRMLS,IG25063184,N,Y,33.9559699,-118.3656849
MLS Listing,,Condo/Co-op,3641 Legato Ct,Pomona,CA,91766,474500,2,2.0,687 - Pomona,930,310335,1988,1,510,500,Active,,,https://www.redfin.com/CA/Pomona/3641-Legato-Ct-91766/home/8057234,CRMLS,IG25041077,N,Y,34.04229,-117.798172
MLS Listing,,Mobile/Manufactured Home,255 Clearlake Cir #98,Placentia,CA,92870,369500,2,2.0,Lake Park (LKPK),1440,,1978,1,257,,Active,,,https://www.redfin.com/CA/Placentia/255-Clearlake-Cir-92870/unit-98/home/5908083,CRMLS,OC25063584,N,Y,33.8644212,-117.8697076
MLS Listing,,Single Family Residential,21317 Dolores St,Carson,CA,90745,699000,3,2.0,136 - Central Carson,1404,5082,1965,1,498,,Active,,,https://www.redfin.com/CA/Carson/21317-Dolores-St-90745/home/7639619,CRMLS,PW25063539,N,Y,33.8347822,-118.2727029
MLS Listing,,Vacant Land,0 Culford Pl,Lake Elizabeth,CA,93532,24500,,,Lake Elizabeth,,10413,,1,,,Active,,,https://www.redfin.com/CA/Lake-Elizabeth/0-Culford-PL-93551/home/167087163,AVMLS,25002222,N,Y,34.662144,-118.39693
MLS Listing,,Single Family Residential,418 E 40th Pl,Los Angeles,CA,90011,625000,4,1.0,C37 - Metropolitan South,1932,7082,1903,1,323,,Active,,,https://www.redfin.com/CA/Los-Angeles/418-E-40th-Pl-90011/home/6924914,CRMLS,TR25062839,N,Y,34.0100295,-118.2678668
MLS Listing,,Condo/Co-op,1301 Lasso Way #303,Rancho Mission Viejo,CA,92694,750000,2,2.0,Portico (PTCO),1251,1300,2023,1,600,758,Pre On-Market,March-27-2025 03:00 PM,March-27-2025 05:00 PM,https://www.redfin.com/CA/Ladera-Ranch/1301-Lasso-Way-92694/unit-303/home/188071248,CRMLS,OC25062608,N,Y,33.5231094,-117.586209
MLS Listing,,Single Family Residential,25281 Earhart Rd,Laguna Hills,CA,92653,1449000,4,3.0,Capistrano Highlands (CH),2007,7504,1966,1,722,,Active,March-29-2025 01:00 PM,March-29-2025 04:00 PM,https://www.redfin.com/CA/Laguna-Hills/25281-Earhart-Rd-92653/home/4844047,CRMLS,OC25054334,N,Y,33.5960739,-117.688724
MLS Listing,,Single Family Residential,7 Monticello Ln,Rancho Santa Margarita,CA,92688,1199000,4,3.5,R2 - Rancho Santa Margarita Central,1672,2727,1997,1,717,87,Pre On-Market,,,https://www.redfin.com/CA/Rancho-Santa-Margarita/7-Monticello-Ln-92688/home/5067766,CRMLS,IV25063508,N,Y,33.6217466,-117.6093892
MLS Listing,,Condo/Co-op,2205 Scholarship,Irvine,CA,92612,845000,2,2.0,Avenue One (AVE1),1038,,2007,1,814,600,Active,,,https://www.redfin.com/CA/Irvine/2205-Scholarship-92612/home/12257149,CRMLS,OC25063428,N,Y,33.6676757,-117.851097
MLS Listing,,Single Family Residential,35 Gander Ct,Rancho Mission Viejo,CA,92694,1065000,2,2.5,Serenity (SRNTY),1592,1800,2023,1,669,304,Pre On-Market,,,https://www.redfin.com/CA/Rancho-Mission-Viejo/35-Gander-CT-Unknown/home/185345842,CRMLS,OC25062506,N,Y,33.523,-117.5851
MLS Listing,,Single Family Residential,23255 Redbud Ridge Cir,Valencia,CA,91354,830000,3,2.0,Today Homes (TDAY),1382,9593,1975,1,601,,Pre On-Market,,,https://www.redfin.com/CA/Valencia/23255-Redbud-Ridge-Cir-91354/home/5987473,CRMLS,SR25063495,N,Y,34.451175,-118.5419688
MLS Listing,,Single Family Residential,302 Summit Crest Dr,Lake Forest,CA,92630,1850000,4,4.0,LN - Lake Forest North,3016,4430,2010,1,613,210,Pre On-Market,April-6-2025 01:00 PM,April-6-2025 04:00 PM,https://www.redfin.com/CA/Lake-Forest/302-Summit-Crest-Dr-92630/home/40101648,CRMLS,PW25063568,N,Y,33.6538365,-117.6703748
MLS Listing,,Single Family Residential,20818 W Acorn Cir,Northridge,CA,91326,1398888,4,3.0,NR - Northridge,2189,60429,2020,1,639,390,Pre On-Market,,,https://www.redfin.com/CA/Porter-Ranch/20818-Acorn-Cir-91326/home/195131103,CRMLS,CV25061947,N,Y,34.2942007,-118.5875055
MLS Listing,,Single Family Residential,34742 Camino Capistrano,Dana Point,CA,92624,4025000,4,4.5,Palisades (PS),4260,7200,2007,1,945,,Pre On-Market,,,https://www.redfin.com/CA/Capistrano-Beach/34742-Camino-Capistrano-92624/home/3570619,CRMLS,OC25059621,N,Y,33.4582086,-117.6676808
MLS Listing,,Single Family Residential,212 Macalester Dr,Walnut,CA,91789,889988,3,2.0,668 - Walnut,1144,7542,1964,1,778,,Pre On-Market,March-26-2025 04:00 PM,March-26-2025 07:00 PM,https://www.redfin.com/CA/Walnut/212-Macalester-Dr-91789/home/8068159,CRMLS,TR25058913,N,Y,34.0184405,-117.8618104
MLS Listing,,Single Family Residential,4730 Azucena Rd,Woodland Hills,CA,91364,3899000,6,4.5,Woodland Hills,5895,43419,1995,1,661,,Active,,,https://www.redfin.com/CA/Woodland-Hills/4730-Azucena-Rd-91364/home/4192885,TheMLS,25515447,N,Y,34.1542762,-118.6155205
MLS Listing,,Multi-Family (5+ Unit),908 N San Vicente Blvd,West Hollywood,CA,90069,2275000,9,11.0,West Hollywood Vicinity,5383,6599,1959,1,423,,Active,,,https://www.redfin.com/CA/West-Hollywood/908-N-San-Vicente-Blvd-90069/home/195131005,TheMLS,25515459,N,Y,34.0875567,-118.385296
MLS Listing,,Single Family Residential,1226 Ave H 15,Lancaster,CA,93534,449000,4,2.0,Lancaster,1764,7405,1953,1,255,,Active,,,https://www.redfin.com/CA/Lancaster/1226-W-Avenue-H15-93534/home/6285874,AVMLS,25002221,N,Y,34.6734577,-118.1506098
MLS Listing,,Single Family Residential,1545 Amalfi Dr,Pacific Palisades,CA,90272,13950000,5,6.5,Pacific Palisades,7883,13262,2017,1,1770,30,Active,,,https://www.redfin.com/CA/Pacific-Palisades/1545-Amalfi-Dr-90272/home/6847040,TheMLS,25513991,N,Y,34.0592691,-118.5044307
MLS Listing,,Single Family Residential,4153 Harter Ave,Culver City,CA,90232,2500000,5,3.5,Culver City,2740,6490,1942,1,912,,Pre On-Market,,,https://www.redfin.com/CA/Culver-City/4153-Harter-Ave-90232/home/6726552,TheMLS,25515345,N,Y,34.0072681,-118.4090761
MLS Listing,,Single Family Residential,605 E Mountain St,Glendale,CA,91207,2275000,3,2.5,627 - Rossmoyne & Verdu Woodlands,2644,8056,1926,1,860,,Active,March-27-2025 05:00 PM,March-27-2025 07:00 PM,https://www.redfin.com/CA/Glendale/605-E-Mountain-St-91207/home/7164393,CRMLS,GD25063291,N,Y,34.1659308,-118.2476136
MLS Listing,,Condo/Co-op,5219 Moya,Laguna Woods,CA,92637,1300000,3,2.0,LW - Laguna Woods,1785,317647,1973,1,728,855,Pre On-Market,,,https://www.redfin.com/CA/Laguna-Woods/5219-Moya-92637/home/5362029,CRMLS,OC25063470,N,Y,33.6199481,-117.7441353
MLS Listing,,Single Family Residential,10607 Anzac Ave,Los Angeles,CA,90002,750000,5,2.0,699 - Not Defined,1830,6504,1925,1,410,,Pre On-Market,,,https://www.redfin.com/CA/Los-Angeles/10607-Anzac-Ave-90002/home/7312434,CRMLS,PW25063512,N,Y,33.9395325,-118.2382226
MLS Listing,,Single Family Residential,1502 W Newgrove St,Lancaster,CA,93534,895000,7,4.5,LAC - Lancaster,4257,13939,1983,1,210,,Active,,,https://www.redfin.com/CA/Lancaster/1502-W-Newgrove-St-93534/home/6289504,CRMLS,SR25059965,N,Y,34.6937331,-118.1572383
MLS Listing,,Single Family Residential,1510 W Newgrove St,Lancaster,CA,93534,895000,7,4.5,LAC - Lancaster,4257,13939,1981,1,210,,Active,,,https://www.redfin.com/CA/Lancaster/1510-W-Newgrove-St-93534/home/6289499,CRMLS,SR25059978,N,Y,34.693742,-118.1574465
MLS Listing,,Multi-Family (2-4 Unit),1420 S Cloverdale Ave,Los Angeles,CA,90019,1225000,3,3.0,C17 - Mid-Wilshire,1463,6167,1928,1,837,,Active,,,https://www.redfin.com/CA/Los-Angeles/1420-S-Cloverdale-Ave-90019/home/6905131,CRMLS,SR25055261,N,Y,34.0474653,-118.3516282
MLS Listing,,Multi-Family (2-4 Unit),3132 Helms Ave,Los Angeles,CA,90034,1575000,9,7.0,Beverlywood Vicinity,3920,5158,1964,1,402,,Active,,,https://www.redfin.com/CA/Los-Angeles/3132-Helms-Ave-90034/home/6793226,TheMLS,25515435,N,Y,34.0326014,-118.3860101
MLS Listing,,Single Family Residential,31226 Bailard Rd,Malibu,CA,90265,7895000,5,4.5,Malibu,,41524,1953,1,,,Active,,,https://www.redfin.com/CA/Malibu/31226-Bailard-Rd-90265/home/6858271,TheMLS,25-486769,N,Y,34.0363182,-118.852022
MLS Listing,,Multi-Family (2-4 Unit),11920 Laurel Ave,Whittier,CA,90605,899000,6,3.0,Whittier,2280,12960,1959,1,394,,Active,,,https://www.redfin.com/CA/Whittier/11920-Laurel-Ave-90605/home/7760582,TheMLS,25512537PS,N,Y,33.9228911,-118.049542
MLS Listing,,Single Family Residential,330 Ballena Dr,Diamond Bar,CA,91765,800000,4,3.0,616 - Diamond Bar,1853,9060,1964,1,432,,Active,,,https://www.redfin.com/CA/Diamond-Bar/330-Ballena-Dr-91765/home/7873995,CRMLS,PW25063504,N,Y,34.0235778,-117.7995506
MLS Listing,,Single Family Residential,5972 Spinnaker Bay Dr,Long Beach,CA,90803,2300000,3,4.0,Spinnaker Bay (SY),2862,3732,1999,1,804,270,Pre On-Market,,,https://www.redfin.com/CA/Long-Beach/5972-Spinnaker-Bay-Dr-90803/home/7592041,CRMLS,PW25062862,N,Y,33.7625447,-118.1212128
MLS Listing,,Townhouse,8028 HARRISON St,Paramount,CA,90723,519900,2,3.0,RK - Paramount South of Somerset,1109,158015,1980,1,469,99,Active,,,https://www.redfin.com/CA/Paramount/8028-Harrison-St-90723/home/7502907,CRMLS,OC25063493,N,Y,33.8827238,-118.158679
MLS Listing,,Condo/Co-op,18433 Hatteras St #507,Tarzana,CA,91356,585000,2,2.0,Tarzana,1147,87205,1979,1,510,511,Active,,,https://www.redfin.com/CA/Tarzana/18433-Hatteras-St-91356/unit-507/home/4067487,TheMLS,25515387,N,Y,34.1785027,-118.5347646
MLS Listing,,Single Family Residential,752 14th St,Manhattan Beach,CA,90266,3700000,4,3.0,Manhattan Beach Tree,3401,4737,1988,1,1088,42,Active,,,https://www.redfin.com/CA/Manhattan-Beach/752-14th-St-90266/home/6706329,TheMLS,25508395,N,Y,33.8887184,-118.4042648
MLS Listing,,Single Family Residential,32692 Rosemont Dr,Rancho Santa Margarita,CA,92679,1595000,4,2.5,Lyon Estates (LYES),2419,7840,1996,1,659,276,Pre On-Market,,,https://www.redfin.com/CA/Trabuco-Canyon/32692-Rosemont-Dr-92679/home/5098205,CRMLS,OC25062988,N,Y,33.6524727,-117.5616386
MLS Listing,,Single Family Residential,9715 Delco Ave,Chatsworth,CA,91311,749000,3,2.0,CHT - Chatsworth,1420,7202,1959,1,527,,Pre On-Market,,,https://www.redfin.com/CA/Chatsworth/9715-Delco-Ave-91311/home/5843465,CRMLS,SR25063414,N,Y,34.2469328,-118.5790959
MLS Listing,,Condo/Co-op,2511 W Sunflower Ave Unit A7,Santa Ana,CA,92704,619000,3,2.0,Woodside Village (WDSD),1182,760361,1970,1,524,401,Active,,,https://www.redfin.com/CA/Santa-Ana/2511-W-Sunflower-Ave-92704/unit-A7/home/5509825,CRMLS,PW25063452,N,Y,33.6971997,-117.902435
MLS Listing,,Condo/Co-op,13031 Villosa Pl #117,Playa Vista,CA,90094,1275000,2,3.0,C39 - Playa Vista,1560,108029,2006,1,817,1001,Pre On-Market,March-29-2025 12:00 PM,March-29-2025 03:00 PM,https://www.redfin.com/CA/Playa-Vista/13031-Villosa-Pl-90094/unit-117/home/12287264,CRMLS,PW25060807,N,Y,33.9743323,-118.4229699
MLS Listing,,Condo/Co-op,1947 Avenida Del Sol Placentia,Placentia,CA,92870,815438,3,2.5,Other (OTHR),1365,,2025,1,597,325,Active,,,https://www.redfin.com/CA/Placentia/1947-Avenida-Del-Sol-92870/home/195130630,CRMLS,CV25063438,N,Y,33.8661354,-117.8204402
MLS Listing,,Condo/Co-op,939 S Broadway #705,Los Angeles,CA,90015,590000,1,1.0,C42 - Downtown L.A.,760,15498,1924,1,776,528,Active,,,https://www.redfin.com/CA/Los-Angeles/939-S-Broadway-90015/unit-705/home/173208860,CRMLS,OC25062734,N,Y,34.0415551,-118.257114
MLS Listing,,Condo/Co-op,735 Cedar Ave #6,Long Beach,CA,90813,344000,1,1.0,Willmore District (WM),603,15027,1957,1,570,168,Active,,,https://www.redfin.com/CA/Long-Beach/735-Cedar-Ave-90813/unit-6/home/7616109,CRMLS,PW25063429,N,Y,33.7761753,-118.1952731
MLS Listing,,Single Family Residential,23968 Francisco Way,Valencia,CA,91354,1195000,5,3.0,The Ranch (THERN),3246,6186,2004,1,368,195,Active,,,https://www.redfin.com/CA/Valencia/23968-Francisco-Way-91354/home/8134414,CRMLS,SR25058211,N,Y,34.4649835,-118.5607911
MLS Listing,,Multi-Family (2-4 Unit),1053 S Hudson Ave,Los Angeles,CA,90019,1750000,7,4.0,Hancock Park-Wilshire,3040,7124,1923,1,576,,Active,,,https://www.redfin.com/CA/Los-Angeles/1053-S-Hudson-Ave-90019/home/6911605,TheMLS,25515085,N,Y,34.0556115,-118.3358601
MLS Listing,,Condo/Co-op,606 Avenida Sevilla Unit N,Laguna Woods,CA,92637,325000,2,2.0,Leisure World (LW),1057,111,1965,1,307,761,Active,March-30-2025 12:00 PM,March-30-2025 04:00 PM,https://www.redfin.com/CA/Laguna-Woods/606-Avenida-Sevilla-92637/unit-N/home/171271577,CRMLS,PW25059284,N,Y,33.5991035,-117.707326
MLS Listing,,Townhouse,8008 Privet Ln,Downey,CA,90241,859000,3,2.5,"D2 - Northwest Downey, N of Firestone, W of Downey",1896,,2018,1,453,196,Pre On-Market,,,https://www.redfin.com/CA/Downey/8008-Privet-Ln-90241/home/147774946,CRMLS,OC25063421,N,Y,33.9472633,-118.1338813
MLS Listing,,Single Family Residential,1232 E Vista Del Playa Ave,Orange,CA,92865,1195000,3,2.0,Other (OTHR),1800,8000,1968,1,664,,Active,,,https://www.redfin.com/CA/Orange/1232-E-Vista-del-Playa-Ave-92865/home/4346615,CRMLS,PW25060552,N,Y,33.8259742,-117.8406552
MLS Listing,,Single Family Residential,7417 Fountain Ave,Los Angeles,CA,90046,1975000,7,5.0,Hollywood,3426,6219,1937,1,576,,Pre On-Market,,,https://www.redfin.com/CA/Los-Angeles/7417-Fountain-Ave-90046/home/7115769,TheMLS,25515375,N,Y,34.0945804,-118.3524992
MLS Listing,,Mobile/Manufactured Home,27361 Sierra Hwy #41,Canyon Country,CA,91351,274900,2,2.0,Cordova Estates,1573,,2004,1,175,,Active,,,https://www.redfin.com/CA/Canyon-Country/27361-Sierra-Hwy-91351/unit-41/home/195130530,CRMLS,SR25063159,N,Y,34.4104685,-118.4616514
MLS Listing,,Townhouse,1414 W Bushell St,Anaheim,CA,92805,1115000,4,3.5,78 - Anaheim East of Harbor,1932,509350,2023,1,577,330,Pre On-Market,,,https://www.redfin.com/CA/Anaheim/1414-W-Bushell-St-92805/home/182250982,CRMLS,WS25060104,N,Y,33.809941,-117.907661
MLS Listing,,Condo/Co-op,15 Destiny Way,Aliso Viejo,CA,92656,825000,2,2.5,Calabria (CLB),1303,3267,1996,1,633,390,Active,,,https://www.redfin.com/CA/Aliso-Viejo/15-Destiny-Way-92656/home/5266862,CRMLS,OC25063356,N,Y,33.5673164,-117.7206581
MLS Listing,,Single Family Residential,2384 Geneva St,Pomona,CA,91766,898888,5,3.0,687 - Pomona,1991,7985,1999,1,451,,Active,,,https://www.redfin.com/CA/Pomona/2384-Geneva-St-91766/home/7902767,CRMLS,WS25062519,N,Y,34.0280123,-117.7494021
MLS Listing,,Single Family Residential,15 Vista De Catalina N,Laguna Beach,CA,92651,6250000,4,2.5,Three Arch Bay (TAB),3366,6496,1979,1,1857,294,Active,,,https://www.redfin.com/CA/Laguna-Beach/15-N-Vista-de-Catalina-92651/home/3266216,CRMLS,LG25062239,N,Y,33.4953663,-117.7361834
MLS Listing,,Townhouse,201 N Orange Grove Blvd #529,Pasadena,CA,91103,1350000,3,2.5,645 - Pasadena (NW),1664,170076,1973,1,811,725,Active,,,https://www.redfin.com/CA/Pasadena/201-N-Orange-Grove-Blvd-91103/unit-529/home/7185020,CRMLS,P1-21388,N,Y,34.150247,-118.1626781
MLS Listing,,Single Family Residential,24925 Vista Verenda,Woodland Hills,CA,91367,2878000,5,4.5,WHLL - Woodland Hills,4140,10890,1997,1,695,167,Active,,,https://www.redfin.com/CA/Woodland-Hills/24925-Vista-Verenda-91367/home/3153706,CRMLS,SR25063378,N,Y,34.1802974,-118.6668827
MLS Listing,,Townhouse,22106 Barrington Way,Saugus,CA,91350,759000,3,2.5,Vintage (at River Village) (VINTA),1690,22877,2017,1,449,277,Active,,,https://www.redfin.com/CA/Santa-Clarita/22106-Barrington-Way-91350/home/143517793,CRMLS,GD25063341,N,Y,34.4278799,-118.5094195
MLS Listing,,Vacant Land,946 Iliff St,Pacific Palisades,CA,90272,2499000,,,Pacific Palisades,,6499,,1,,,Active,,,https://www.redfin.com/CA/Pacific-Palisades/946-Iliff-St-90272/home/6846515,TheMLS,25515371,N,Y,34.0472886,-118.5188266
MLS Listing,,Vacant Land,0 W 110th St W and Avenue C14,Lancaster,CA,93536,29000,,,LAC - Lancaster,,180338,,1,,,Active,,,https://www.redfin.com/CA/Lancaster/110th-St-W-Unknown/home/146563422,CRMLS,SR25063406,N,Y,34.778699,-118.328384
MLS Listing,,Multi-Family (2-4 Unit),14266 Village Way,Westminster,CA,92683,1790000,8,6.0,Other (OTHR),4758,253139,1965,1,376,,Active,,,https://www.redfin.com/CA/Westminster/14266-Village-Way-92683/home/179556144,CRMLS,OC25062022,N,Y,33.7549831,-118.0033671
MLS Listing,,Mobile/Manufactured Home,"20739 Lycoming St, SPC 105",Walnut,CA,91789,318000,3,3.0,Walnut Creek Estates Park,1780,128977,1980,1,179,,Active,,,https://www.redfin.com/CA/Walnut/20739-Lycoming-St-91789/home/142933686,CRMLS,CV25063400,N,Y,34.0041817,-117.8524118
MLS Listing,,Single Family Residential,9715 Raven Cir,Fountain Valley,CA,92708,1585000,6,3.0,Other (OTHR),2349,7326,1964,1,675,,Active,,,https://www.redfin.com/CA/Fountain-Valley/9715-Raven-Cir-92708/home/3822064,CRMLS,PW25049972,N,Y,33.6968205,-117.9592243
MLS Listing,,Single Family Residential,1555 N Gardner St,Los Angeles,CA,90046,1250000,4,2.0,C20 - Hollywood,1487,6957,1915,1,841,,Active,,,https://www.redfin.com/CA/Los-Angeles/1555-N-Gardner-St-90046/home/7115528,CRMLS,SR25054561,N,Y,34.0996156,-118.353132
MLS Listing,,Condo/Co-op,1728 E Commonwealth Ave #101,Fullerton,CA,92831,515000,2,2.0,83 - Fullerton,930,336561,1964,1,554,440,Active,,,https://www.redfin.com/CA/Fullerton/1728-E-Commonwealth-Ave-92831/unit-101/home/5360293,CRMLS,SW25061394,N,Y,33.8699076,-117.8973402
MLS Listing,,Condo/Co-op,32653 Seagate Dr #205,Rancho Palos Verdes,CA,90275,925000,2,2.0,169 - PV Dr South,1565,753237,1964,1,591,996,Pre On-Market,,,https://www.redfin.com/CA/Rancho-Palos-Verdes/32653-Seagate-Dr-90275/unit-205/home/7740735,CRMLS,PV25063383,N,Y,33.7437399,-118.3886893
MLS Listing,,Condo/Co-op,27616 Symphony Pl,Valencia,CA,91381,849000,3,3.0,Valencia,2050,,2022,1,414,575,Active,,,https://www.redfin.com/CA/Valencia/27616-Symphony-Pl-91381/home/185596200,TheMLS,25515349,N,Y,34.422594,-118.608696
MLS Listing,,Multi-Family (2-4 Unit),1632 W 52nd St,Los Angeles,CA,90062,849000,5,2.0,Los Angeles Southwest,1933,6384,1951,1,439,,Active,,,https://www.redfin.com/CA/Los-Angeles/1632-W-52nd-St-90062/home/6863167,TheMLS,25511589,N,Y,33.9948088,-118.305747
MLS Listing,,Single Family Residential,29931 Happy Sparrow Ln,Laguna Niguel,CA,92677,1950000,4,3.0,699 - Not Defined,2557,5355,1978,1,763,72,Pre On-Market,,,https://www.redfin.com/CA/Laguna-Niguel/29931-Happy-Sparrow-Ln-92677/home/4931730,CRMLS,PW25063384,N,Y,33.5286619,-117.7218282
MLS Listing,,Single Family Residential,1200 Dianron Rd,Palmdale,CA,93551,469000,4,2.0,PLM - Palmdale,1317,7909,1981,1,356,,Active,March-29-2025 12:00 AM,March-29-2025 11:59 PM,https://www.redfin.com/CA/Palmdale/1200-Dianron-Rd-93551/home/6111511,CRMLS,SR25063358,N,Y,34.5955262,-118.1517411
MLS Listing,,Single Family Residential,135 Siena Dr,Long Beach,CA,90803,1799000,4,3.0,Naples (NA),2386,3215,1930,1,754,,Active,,,https://www.redfin.com/CA/Long-Beach/135-Siena-Dr-90803/home/7593443,CRMLS,PV25063382,N,Y,33.7569716,-118.1283835
MLS Listing,,Single Family Residential,1618 S Burnside Ave,Los Angeles,CA,90019,1049000,3,2.0,Mid Los Angeles,1628,6002,1926,1,644,,Active,,,https://www.redfin.com/CA/Los-Angeles/1618-S-Burnside-Ave-90019/home/6901040,TheMLS,25515357,N,Y,34.043637,-118.356194
MLS Listing,,Single Family Residential,7902 SANTA BARBARA Ave,Stanton,CA,90680,899900,3,1.0,Other (OTHR),919,7210,1953,1,979,,Active,,,https://www.redfin.com/CA/Stanton/7902-Santa-Barbara-Ave-90680/home/3634398,CRMLS,PW25063369,N,Y,33.790907,-117.9942891
MLS Listing,,Single Family Residential,606 Lake Ter,Fullerton,CA,92835,1450000,4,2.5,Fullerton,2215,22500,1957,1,655,,Active,March-25-2025 11:00 AM,March-25-2025 01:00 PM,https://www.redfin.com/CA/Fullerton/606-Lake-Ter-92835/home/4105885,TheMLS,25512383,N,Y,33.9082706,-117.9383422
MLS Listing,,Single Family Residential,18715 Plummer St,Northridge,CA,91324,899000,3,2.0,NR - Northridge,1625,8192,1960,1,553,,Active,,,https://www.redfin.com/CA/Northridge/18715-Plummer-St-91324/home/5858660,CRMLS,SR25063357,N,Y,34.2429935,-118.5410844
MLS Listing,,Single Family Residential,4209 Vantage Ave,Studio City,CA,91604,4295000,5,6.0,STUD - Studio City,4090,7002,2025,1,1050,,Active,,,https://www.redfin.com/CA/Studio-City/4209-Vantage-Ave-91604/home/5234453,CRMLS,SR25060078,N,Y,34.1470469,-118.3979009
MLS Listing,,Single Family Residential,5851 Cahill Ave,Tarzana,CA,91356,1149000,3,3.0,TAR - Tarzana,1883,9311,1951,1,610,,Active,March-30-2025 01:00 PM,March-30-2025 04:00 PM,https://www.redfin.com/CA/Tarzana/5851-Cahill-Ave-91356/home/4043109,CRMLS,SR25058728,N,Y,34.1773172,-118.5493686
MLS Listing,,Townhouse,16140 Tortola Cir,Huntington Beach,CA,92649,2698000,4,3.0,Seagate (SEAG),2047,2430,1973,1,1318,820,Active,,,https://www.redfin.com/CA/Huntington-Beach/16140-Tortola-Cir-92649/home/3877804,CRMLS,OC25058054,N,Y,33.7274834,-118.0637812
MLS Listing,,Single Family Residential,17 Calle Cabrillo,Lake Forest,CA,92610,1499000,3,3.0,FH - Foothill Ranch,2211,6120,1992,1,678,104,Active,March-28-2025 10:00 AM,March-28-2025 12:00 PM,https://www.redfin.com/CA/Foothill-Ranch/17-Calle-Cabrillo-92610/home/4799131,CRMLS,OC25057261,N,Y,33.6914863,-117.6677068
MLS Listing,,Single Family Residential,2080 Saint Louis Ave,Signal Hill,CA,90755,1599000,4,4.0,8 - Signal Hill,3700,7005,1948,1,432,,Pre On-Market,,,https://www.redfin.com/CA/Signal-Hill/2080-Saint-Louis-Ave-90755/home/7575553,CRMLS,OC25062115,N,Y,33.7949386,-118.1663124
MLS Listing,,Single Family Residential,8215 Calabar Ave,Playa Del Rey,CA,90293,2789000,4,2.5,C31 - Playa Del Rey,3043,7802,1963,1,917,,Active,March-30-2025 01:00 PM,March-30-2025 04:00 PM,https://www.redfin.com/CA/Playa-del-Rey/8215-Calabar-Ave-90293/home/6623436,CRMLS,SB25054325,N,Y,33.9602766,-118.4393789
MLS Listing,,Single Family Residential,1024 23rd St,Santa Monica,CA,90403,6949000,4,4.5,Santa Monica,4032,6118,2009,1,1723,,Active,March-25-2025 11:00 AM,March-25-2025 02:00 PM,https://www.redfin.com/CA/Santa-Monica/1024-23rd-St-90403/home/6769382,TheMLS,25512295,N,Y,34.0354407,-118.4834501
MLS Listing,,Condo/Co-op,18940 Pelham Way,Yorba Linda,CA,92886,1100000,3,3.5,85 - Yorba Linda,2248,47317,2005,1,489,592,Pre On-Market,March-30-2025 02:30 PM,March-30-2025 04:30 PM,https://www.redfin.com/CA/Yorba-Linda/18940-Pelham-Way-92886/home/7214604,CRMLS,PW25063346,N,Y,33.9037584,-117.8035166
MLS Listing,,Single Family Residential,3912 York Blvd,Los Angeles,CA,90065,1249000,3,3.0,623 - Glassel Park,1573,5045,1938,1,794,,Active,March-29-2025 01:00 PM,March-29-2025 04:00 PM,https://www.redfin.com/CA/Los-Angeles/3912-York-Blvd-90065/home/7073596,CRMLS,GD25061019,N,Y,34.1246805,-118.2326996
MLS Listing,,Single Family Residential,400 Campdell St,Playa Del Rey,CA,90293,2599000,4,3.0,C31 - Playa Del Rey,3068,5769,1974,1,847,,Active,,,https://www.redfin.com/CA/Playa-del-Rey/400-Campdell-St-90293/home/6625595,CRMLS,SB25056292,N,Y,33.9566567,-118.444099
MLS Listing,,Condo/Co-op,1780 Saint John Rd,Seal Beach,CA,90740,425000,2,1.0,Leisure World (LW),1050,1306,1962,1,405,582,Active,,,https://www.redfin.com/CA/Seal-Beach/1780-Saint-John-Rd-90740/home/175746327,CRMLS,OC25062595,N,Y,33.7724152,-118.0815106
MLS Listing,,Single Family Residential,8755 E Wiley Way,Anaheim,CA,92808,1370888,3,3.0,699 - Not Defined,2303,6980,1999,1,595,115,Active,March-29-2025 01:00 PM,March-29-2025 04:00 PM,https://www.redfin.com/CA/Anaheim/8755-E-Wiley-Way-92808/home/5637337,CRMLS,IG25060948,N,Y,33.8555643,-117.7234468
MLS Listing,,Single Family Residential,901 Hillcrest St,El Segundo,CA,90245,2200000,4,3.0,141 - El Segundo,2802,5001,1978,1,785,,Active,,,https://www.redfin.com/CA/El-Segundo/901-Hillcrest-St-90245/home/6642804,CRMLS,SB25060467,N,Y,33.9289352,-118.4253148
MLS Listing,,Single Family Residential,1469 Baldy View Ave,Pomona,CA,91767,599000,3,2.0,687 - Pomona,1094,6630,1952,1,548,,Active,,,https://www.redfin.com/CA/Pomona/1469-Baldy-View-Ave-91767/home/7893081,CRMLS,AR25063331,N,Y,34.0732371,-117.7148157
MLS Listing,,Single Family Residential,51 Stargazer Way,Mission Viejo,CA,92692,1598500,4,2.5,Talaverde (TALV),3200,5000,2000,1,500,218,Active,,,https://www.redfin.com/CA/Mission-Viejo/51-Stargazer-Way-92692/home/5826505,CRMLS,OC25062749,N,Y,33.6618317,-117.6353881
MLS Listing,,Condo/Co-op,1245 N New Hampshire Ave #3,Los Angeles,CA,90029,950000,3,2.5,671 - Silver Lake,1300,9935,2022,1,731,450,Pre On-Market,,,https://www.redfin.com/CA/Los-Angeles/1245-N-New-Hampshire-Ave-90029/unit-3/home/182338630,CRMLS,OC25063335,N,Y,34.0947004,-118.2934451
MLS Listing,,Condo/Co-op,24055 Paseo Del Lago #401,Laguna Woods,CA,92637,69000,1,1.0,Other (OTHR),625,,1974,1,110,2597,Active,,,https://www.redfin.com/CA/Laguna-Woods/24055-Paseo-del-Lago-92637/unit-401/home/5370587,CRMLS,OC25063329,N,Y,33.6138057,-117.744183
MLS Listing,,Condo/Co-op,1245 N New Hampshire Ave #1,Los Angeles,CA,90029,1029000,3,3.5,671 - Silver Lake,1479,9935,2022,1,696,450,Pre On-Market,,,https://www.redfin.com/CA/Los-Angeles/1245-N-New-Hampshire-Ave-90029/unit-1/home/182338628,CRMLS,OC25063225,N,Y,34.0947004,-118.2934451
MLS Listing,,Single Family Residential,12120 S Willowbrook Ave,Compton,CA,90222,570000,2,1.0,"RN - Compton N of Rosecrans, E of Central",624,7797,1941,1,913,,Active,,,https://www.redfin.com/CA/Compton/12120-S-Willowbrook-Ave-90222/home/7347469,CRMLS,TR25063296,N,Y,33.9215007,-118.2337752
MLS Listing,,Single Family Residential,44857 Landau Ave,Lancaster,CA,93535,460000,3,2.5,LAC - Lancaster,1757,7254,1990,1,262,,Active,,,https://www.redfin.com/CA/Lancaster/44857-Landau-Ave-93535/home/6343241,CRMLS,SB25061906,N,Y,34.6985627,-118.0935244
MLS Listing,,Single Family Residential,29546 Spotted Bull Ln,San Juan Capistrano,CA,92675,3850000,3,3.5,Spotted Bull Lane (SB),2709,43560,1973,1,1421,,Active,,,https://www.redfin.com/CA/San-Juan-Capistrano/29546-Spotted-Bull-Ln-92675/home/4906083,CRMLS,OC25063332,N,Y,33.5338799,-117.6731353
MLS Listing,,Townhouse,134 N Atlantic Blvd Unit B,Alhambra,CA,91801,838000,3,2.5,601 - Alhambra,1195,11656,1994,1,701,300,Active,,,https://www.redfin.com/CA/Alhambra/134-N-Atlantic-Blvd-91801/unit-B/home/7018997,CRMLS,TR25053358,N,Y,34.0938408,-118.1344081
MLS Listing,,Condo/Co-op,3397 Punta Alta Unit O,Laguna Woods,CA,92637,588000,2,2.0,Leisure World (LW),1188,,1973,1,495,856,Active,,,https://www.redfin.com/CA/Laguna-Woods/3397-Punta-Alta-92637/unit-O/home/5384539,CRMLS,OC25059801,N,Y,33.6107107,-117.749276
MLS Listing,,Single Family Residential,27942 Bridlewood Dr,Castaic,CA,91384,924000,4,3.0,Crest at Hasley Hills (CRHH),2866,5950,2001,1,322,99,Active,,,https://www.redfin.com/CA/Castaic/27942-Bridlewood-Dr-91384/home/8109941,CRMLS,SR25051733,N,Y,34.4623155,-118.6229009
MLS Listing,,Single Family Residential,18429 Germain St,Porter Ranch,CA,91326,1850000,4,4.0,PORA - Porter Ranch,3346,11507,1989,1,553,,Active,,,https://www.redfin.com/CA/Porter-Ranch/18429-Germain-St-91326/home/5817577,CRMLS,SR25053348,N,Y,34.261948,-118.5353071
MLS Listing,,Condo/Co-op,17202 Corbina Ln #110,Huntington Beach,CA,92649,599800,1,1.0,17 - Northwest Huntington Beach,733,122616,1983,1,818,530,Active,,,https://www.redfin.com/CA/Huntington-Beach/17202-Corbina-Ln-92649/unit-110/home/5717891,CRMLS,OC25045015,N,Y,33.7124422,-118.0380545
MLS Listing,,Single Family Residential,5000 Live Oak Canyon Rd,La Verne,CA,91750,5000000,3,3.5,684 - La Verne,3628,434260,1955,1,1378,,Active,,,https://www.redfin.com/CA/La-Verne/5000-Live-Oak-Canyon-Rd-91750/home/8044504,CRMLS,PW25026140,N,Y,34.1354404,-117.7470586
MLS Listing,,Single Family Residential,37849 E 52nd St,Palmdale,CA,93552,529999,4,3.0,Palmdale,2462,6969,1990,1,215,,Active,,,https://www.redfin.com/CA/Palmdale/37849-52nd-St-E-93552/home/6179634,AVMLS,25002217,N,Y,34.5704931,-118.0364394
MLS Listing,,Single Family Residential,426 N Pacific Ave,San Pedro,CA,90731,950000,4,3.0,Barton Hill,1864,4500,1909,1,510,,Pre On-Market,,,https://www.redfin.com/CA/San-Pedro/426-N-Pacific-Ave-90731/home/7688354,TheMLS,25515255,N,Y,33.7465275,-118.2875832
MLS Listing,,Condo/Co-op,7909 Hannum Ave,Culver City,CA,90230,1350000,3,2.5,Culver City,1982,525538,1997,1,681,859,Active,,,https://www.redfin.com/CA/Culver-City/7909-Hannum-Ave-90230/home/6720325,TheMLS,25512401,N,Y,33.9901197,-118.3920027
MLS Listing,,Condo/Co-op,450 E 4th St #445,Santa Ana,CA,92701,435000,2,2.0,Other (OTHR),815,122149,1989,1,534,456,Active,,,https://www.redfin.com/CA/Santa-Ana/450-E-4th-St-92701/unit-445/home/5591568,CRMLS,NP25061935,N,Y,33.747798,-117.8639043
MLS Listing,,Single Family Residential,2403 Ocean Ave,Venice,CA,90291,1675000,2,1.5,Venice,808,3602,1953,1,2073,,Active,,,https://www.redfin.com/CA/Venice/2403-Ocean-Ave-90291/home/6734646,TheMLS,25509771,N,Y,33.9855558,-118.464005
MLS Listing,,Multi-Family (2-4 Unit),4521 Saturn St,Los Angeles,CA,90019,1195000,4,2.0,Mid Los Angeles,2621,7002,1911,1,456,,Active,,,https://www.redfin.com/CA/Los-Angeles/4521-Saturn-St-90019/home/6905684,TheMLS,25515343,N,Y,34.0429691,-118.3369033
MLS Listing,,Vacant Land,0 Vac/Vic E Avenue G12/32 St E,Lancaster,CA,93535,55000,,,LAC - Lancaster,,110578,,1,,,Pre On-Market,,,https://www.redfin.com/CA/Unknown/Unknown-93535/home/195129873,CRMLS,SR25063323,N,Y,34.723134,-118.073179
MLS Listing,,Vacant Land,0 Dahlia Ridge Dr,Canyon Country,CA,91387,450000,,,Custom Canyon Country 2 (CCAN2),,428203,,1,,,Active,,,https://www.redfin.com/CA/Santa-Clarita/Dahlia-Ridge-Dr-91387/home/173002477,CRMLS,SB25063318,N,Y,34.451611,-118.391677
MLS Listing,,Multi-Family (2-4 Unit),183 E Pleasant St,Long Beach,CA,90805,660000,2,2.0,North Long Beach (NLB),988,2035,1956,1,668,,Pre On-Market,,,https://www.redfin.com/CA/Long-Beach/183-E-Pleasant-St-90805/home/7520285,CRMLS,DW25063235,N,Y,33.8462469,-118.191686
MLS Listing,,Single Family Residential,2122 N Locust Ave,Compton,CA,90221,650000,3,1.0,"RN - Compton N of Rosecrans, E of Central",1117,5967,1947,1,582,,Active,,,https://www.redfin.com/CA/Compton/2122-N-Locust-Ave-90221/home/195129374,CRMLS,SB25063249,N,Y,33.9086885,-118.1994493
MLS Listing,,Single Family Residential,3548 La Crescenta Ave,Glendale,CA,91208,1994888,4,2.5,627 - Rossmoyne & Verdu Woodlands,2511,6394,1987,1,794,,Pre On-Market,March-26-2025 10:00 AM,March-26-2025 01:00 PM,https://www.redfin.com/CA/Glendale/3548-La-Crescenta-Ave-91208/home/7142567,CRMLS,GD25063287,N,Y,34.2040253,-118.2371817
MLS Listing,,Single Family Residential,617 N Cummings St,Los Angeles,CA,90033,899000,3,1.5,Boyle Heights,1092,5624,1922,1,823,,Pre On-Market,,,https://www.redfin.com/CA/Los-Angeles/617-N-Cummings-St-90033/home/6938441,TheMLS,25515197,N,Y,34.0507213,-118.2115201
MLS Listing,,Multi-Family (2-4 Unit),13160 Carl St,Pacoima,CA,91331,849990,6,3.0,PAC - Pacoima,2332,7109,1938,1,364,,Active,,,https://www.redfin.com/CA/Pacoima/13160-Carl-St-91331/home/5482225,CRMLS,SR25063076,N,Y,34.2654896,-118.4189011
MLS Listing,,Single Family Residential,14831 Little Tujunga Canyon Rd,Sylmar,CA,91342,2795000,3,3.0,Lakeview Terrace,1720,6087945,1981,1,1625,,Pre On-Market,,,https://www.redfin.com/CA/Sylmar/14831-Little-Tujunga-Canyon-Rd-91342/home/5548146,TheMLS,25515327,N,Y,34.331922,-118.342376
MLS Listing,,Single Family Residential,402 Bregante Dr,Diamond Bar,CA,91765,968888,4,2.5,616 - Diamond Bar,1970,8174,1964,1,492,,Active,,,https://www.redfin.com/CA/Diamond-Bar/402-Bregante-Dr-91765/home/7873664,CRMLS,TR25063306,N,Y,34.0223441,-117.7985133
MLS Listing,,Single Family Residential,8 Clipper Rd,Rancho Palos Verdes,CA,90275,2290000,5,2.5,169 - PV Dr South,2791,11202,1960,1,820,18,Active,,,https://www.redfin.com/CA/Rancho-Palos-Verdes/8-Clipper-Rd-90275/home/7740571,CRMLS,P1-21386,N,Y,33.7442285,-118.3852244
MLS Listing,,Single Family Residential,5336 Cochin Ave,Arcadia,CA,91006,850000,2,1.0,605 - Arcadia,850,5644,1950,1,1000,,Active,,,https://www.redfin.com/CA/Arcadia/5336-Cochin-Ave-91006/home/8000424,CRMLS,TR25063292,N,Y,34.1023104,-118.022605
MLS Listing,,Single Family Residential,29211 Alfieri St,Laguna Niguel,CA,92677,1800000,4,3.0,LNLAK - Lake Area,2711,5000,1992,1,664,117,Pre On-Market,,,https://www.redfin.com/CA/Laguna-Niguel/29211-Alfieri-St-92677/home/4930953,CRMLS,OC25062766,N,Y,33.5393378,-117.7192378
MLS Listing,,Single Family Residential,878 Calle La Primavera,Glendale,CA,91208,1495000,4,2.5,627 - Rossmoyne & Verdu Woodlands,1720,4088,1993,1,869,228,Active,March-26-2025 10:00 AM,March-26-2025 01:00 PM,https://www.redfin.com/CA/Glendale/878-Calle-La-Primavera-91208/home/7170001,CRMLS,P1-21385,N,Y,34.1642748,-118.2139887
MLS Listing,,Single Family Residential,16 Iron Bark Way,Irvine,CA,92612,1549000,3,2.5,Village I (V1),1943,4032,1965,1,797,254,Active,,,https://www.redfin.com/CA/Irvine/16-Iron-Bark-Way-92612/home/4699129,CRMLS,OC25063151,N,Y,33.6678499,-117.8210267
MLS Listing,,Multi-Family (5+ Unit),1816 S La Brea Ave,Los Angeles,CA,90019,1800000,8,5.0,Mid Los Angeles,4076,7252,1924,1,442,,Active,,,https://www.redfin.com/CA/Los-Angeles/1816-S-La-Brea-Ave-90019/home/6902996,TheMLS,25515323,N,Y,34.0418179,-118.3465235
MLS Listing,,Single Family Residential,1615 Sargent Pl,Los Angeles,CA,90026,2799000,4,4.0,Silver Lake - Echo Park,2590,5192,1991,1,1081,,Active,,,https://www.redfin.com/CA/Los-Angeles/1615-Sargent-Pl-90026/home/7055648,TheMLS,25514225,N,Y,34.0804722,-118.2525938
MLS Listing,,Single Family Residential,8303 Gustav Ln,West Hills,CA,91304,1059000,3,2.0,West Hills,1674,11675,1963,1,633,,Active,,,https://www.redfin.com/CA/West-Hills/8303-Gustav-Ln-91304/home/8095585,TheMLS,25512471,N,Y,34.2194731,-118.6368299
MLS Listing,,Condo/Co-op,121 Sinclair Ave #122,Glendale,CA,91206,699000,2,2.0,Glendale-Chevy Chase/E. Glen Oaks,929,51731,1973,1,752,339,Active,,,https://www.redfin.com/CA/Glendale/121-Sinclair-Ave-91206/unit-122/home/7161904,TheMLS,25515329,N,Y,34.1470653,-118.232523
MLS Listing,,Single Family Residential,14911 Dusk St,Irvine,CA,92604,1988000,5,3.0,El Camino Glen (CH),2326,5500,1971,1,855,,Pre On-Market,,,https://www.redfin.com/CA/Irvine/14911-Dusk-St-92604/home/4667359,CRMLS,PW25063026,N,Y,33.6912676,-117.779353
MLS Listing,,Condo/Co-op,19517 Cardigan Dr,Northridge,CA,91324,965000,3,3.0,Northridge,2096,37528,2016,1,460,495,Pre On-Market,,,https://www.redfin.com/CA/Northridge/19517-Cardigan-Dr-91324/home/143255668,TheMLS,25515027,N,Y,34.2388984,-118.5588366
MLS Listing,,Single Family Residential,13529 Beverly Blvd,Whittier,CA,90601,1175000,3,1.5,Whittier,1988,10979,1923,1,591,,Active,March-27-2025 05:00 PM,March-27-2025 07:30 PM,https://www.redfin.com/CA/Whittier/13529-Beverly-Blvd-90601/home/7807252,TheMLS,25504239,N,Y,33.9883543,-118.0291982
MLS Listing,,Single Family Residential,3307 Puente St,Fullerton,CA,92835,1299000,3,2.5,83 - Fullerton,1927,9360,1956,1,674,,Pre On-Market,March-29-2025 02:00 PM,March-29-2025 04:00 PM,https://www.redfin.com/CA/Fullerton/3307-Puente-St-92835/home/4115640,CRMLS,PV25062594,N,Y,33.9102063,-117.9159083
MLS Listing,,Vacant Land,1101 Hartzell St,Pacific Palisades,CA,90272,2700000,,,Pacific Palisades,,7480,,1,,,Active,,,https://www.redfin.com/CA/Pacific-Palisades/1101-Hartzell-St-90272/home/6846051,TheMLS,25515321,N,Y,34.0494571,-118.5208353
MLS Listing,,Single Family Residential,8338 Fir Ave,Los Angeles,CA,90001,760000,3,2.0,C37 - Metropolitan South,1300,175416120,1926,1,585,,Active,,,https://www.redfin.com/CA/Los-Angeles/8338-S-Fir-Ave-90001/home/7287076,CRMLS,DW25063257,N,Y,33.9619865,-118.2371532
MLS Listing,,Single Family Residential,2312 Coronado Dr,Fullerton,CA,92835,1750000,4,2.0,Sunny Hills (SUNH),2883,13390,1962,1,607,,Active,March-30-2025 01:00 PM,March-30-2025 04:00 PM,https://www.redfin.com/CA/Fullerton/2312-Coronado-Dr-92835/home/4105255,CRMLS,PW25063173,N,Y,33.8976035,-117.9307617
MLS Listing,,Multi-Family (2-4 Unit),1862 Denison St,Pomona,CA,91766,899999,7,3.0,687 - Pomona,1876,6083,1950,1,480,,Pre On-Market,,,https://www.redfin.com/CA/Pomona/1862-Denison-St-91766/home/8055282,CRMLS,TR25060451,N,Y,34.0502394,-117.784766
MLS Listing,,Single Family Residential,7324 Ojai Dr,Palmdale,CA,93551,840000,5,3.0,PLM - Palmdale,3873,13150,1995,1,217,,Active,,,https://www.redfin.com/CA/Palmdale/7324-Ojai-Dr-93551/home/6359218,CRMLS,SR25063267,N,Y,34.6447157,-118.260827
MLS Listing,,Single Family Residential,4402 Hartle Ave,Cudahy,CA,90201,800000,3,2.0,"T5 - WalnutPk, HuntPk, Bell N of Florence, and Cud",1152,6364,1939,1,694,,Active,,,https://www.redfin.com/CA/Cudahy/4402-Hartle-Ave-90201/home/7387148,CRMLS,PW25063256,N,Y,33.9672914,-118.1900504
MLS Listing,,Single Family Residential,1 Searidge,Laguna Niguel,CA,92677,7200000,6,7.0,LNSLT - Salt Creek,8100,31529,1993,1,889,925,Active,,,https://www.redfin.com/CA/Laguna-Niguel/1-Searidge-92677/home/4970108,CRMLS,OC25062127,N,Y,33.4989599,-117.6882103
MLS Listing,,Mobile/Manufactured Home,48303 20th St W #208,Lancaster,CA,93534,160000,2,2.0,Leisure Lake,1152,,1977,1,139,,Active,,,https://www.redfin.com/CA/Lancaster/48303-20th-St-W-93534/unit-208/home/195108725,CRMLS,SR25063245,N,Y,34.7599313,-118.1693307
MLS Listing,,Vacant Land,0 VIC AVE H12 52 STE,Lancaster,CA,93535,23000,,,LAC - Lancaster,,111078,,1,,,Active,,,https://www.redfin.com/CA/Lake-Los-Angeles/52-Avenue-H-12-93535/home/195128937,CRMLS,HD25063255,N,Y,34.7125796,-117.9963739
MLS Listing,,Condo/Co-op,23514 Coso #201,Mission Viejo,CA,92692,879000,3,2.0,"Finisterra Green """"Alta"""" (FGA)",1506,351073,1980,1,584,596,Pre On-Market,April-5-2025 01:00 PM,April-5-2025 04:00 PM,https://www.redfin.com/CA/Mission-Viejo/23514-Coso-92692/unit-201/home/5562835,CRMLS,OC25041253,N,Y,33.6252573,-117.64891
MLS Listing,,Multi-Family (2-4 Unit),1900 W Commonwealth Ave,Alhambra,CA,91803,799000,3,3.0,601 - Alhambra,1758,9502,1914,1,454,,Active,,,https://www.redfin.com/CA/Alhambra/1900-W-Commonwealth-Ave-91803/home/7020159,CRMLS,WS25063237,N,Y,34.0873379,-118.1444967
MLS Listing,,Single Family Residential,8039 Maple Dr,Buena Park,CA,90620,849000,3,2.0,82 - Buena Park,1490,6000,1955,1,570,,Active,,,https://www.redfin.com/CA/Buena-Park/8039-Maple-Dr-90620/home/3304977,CRMLS,LG25059605,N,Y,33.8429377,-117.9929309
MLS Listing,,Multi-Family (2-4 Unit),730 S Eastman Ave,Los Angeles,CA,90023,675000,3,2.0,BOYH - Boyle Heights,1217,7353,1921,1,555,,Pre On-Market,,,https://www.redfin.com/CA/Los-Angeles/730-S-Eastman-Ave-90023/home/6962359,CRMLS,OC25063240,N,Y,34.0256172,-118.1858865
MLS Listing,,Single Family Residential,3112 W 186th St,Torrance,CA,90504,880000,2,1.0,132 - N Torrance - West,1008,4924,1950,1,873,,Active,,,https://www.redfin.com/CA/Torrance/3112-W-186th-St-90504/home/6583610,CRMLS,PW25063056,N,Y,33.8617708,-118.3271914
MLS Listing,,Condo/Co-op,19011 Main St #121,Huntington Beach,CA,92648,1349500,3,2.5,15 - West Huntington Beach,1760,,2025,1,767,387,Pre On-Market,March-29-2025 11:00 AM,March-29-2025 01:00 PM,https://www.redfin.com/CA/Huntington-Beach/19011-Main-St-92648/unit-121/home/195128996,CRMLS,PW25063222,N,Y,33.6863077,-117.9992603
MLS Listing,,Single Family Residential,755 S Goldfinch Way,Anaheim Hills,CA,92807,1895000,5,3.0,Hunters Pointe (HNPT),3136,8500,1979,1,604,100,Pre On-Market,,,https://www.redfin.com/CA/Anaheim/755-S-Goldfinch-Way-92807/home/4336671,CRMLS,PW25063217,N,Y,33.8435418,-117.7554114
MLS Listing,,Multi-Family (2-4 Unit),916 W 53rd St,Los Angeles,CA,90037,750000,4,3.0,C34 - Los Angeles Southwest,2018,5160,1910,1,372,,Active,,,https://www.redfin.com/CA/Los-Angeles/916-W-53rd-St-90037/home/189936913,CRMLS,DW25063195,N,Y,33.9938581,-118.2899422
MLS Listing,,Townhouse,1286 N Pine Needle Ct,Azusa,CA,91702,525000,4,3.0,607 - Azusa,1278,312688,1973,1,411,395,Active,,,https://www.redfin.com/CA/Azusa/1286-N-Pine-Needle-Ct-91702/home/8020305,CRMLS,PW25061858,N,Y,34.1443942,-117.9107306
MLS Listing,,Single Family Residential,5715 Capri Ct,Palmdale,CA,93552,490000,3,2.0,PLM - Palmdale,2052,7497,2003,1,239,,Active,,,https://www.redfin.com/CA/Palmdale/5715-Capri-Ct-93552/home/6184681,CRMLS,SR25061912,N,Y,34.5593944,-118.0267752
MLS Listing,,Condo/Co-op,285 W 6th St #312,San Pedro,CA,90731,450000,1,1.0,189 - Barton Hill,760,,2006,1,592,665,Active,,,https://www.redfin.com/CA/San-Pedro/285-W-6th-St-90731/unit-312/home/12292170,CRMLS,SB25063204,N,Y,33.7383067,-118.283267
MLS Listing,,Townhouse,9922 Barranca Cir,Huntington Beach,CA,92646,969000,4,2.0,Villa Pacific (VPAC),1900,1867,1965,1,510,430,Pre On-Market,,,https://www.redfin.com/CA/Huntington-Beach/9922-Barranca-Cir-92646/home/3775926,CRMLS,OC25063169,N,Y,33.653306,-117.9546483
MLS Listing,,Condo/Co-op,6225 Coldwater Canyon Ave #117,North Hollywood,CA,91606,549000,2,2.0,NHO - North Hollywood,1201,79069,1965,1,457,532,Active,,,https://www.redfin.com/CA/North-Hollywood/6225-Coldwater-Canyon-Ave-91606/unit-117/home/5104161,CRMLS,SR25063214,N,Y,34.1839178,-118.41439
MLS Listing,,Single Family Residential,209 E Bayfront,Newport Beach,CA,92662,8995000,4,3.5,Balboa Island - Little Island (BALL),2315,2677,1983,1,3886,,Active,,,https://www.redfin.com/CA/Newport-Beach/209-E-Bay-Front-92662/home/3251523,CRMLS,NP25062013,N,Y,33.6059864,-117.8865787
MLS Listing,,Single Family Residential,12541 West St,Garden Grove,CA,92840,1200000,5,4.0,"64 - Garden Grove E of Euclid, W of Harbor",1792,7204,1957,1,670,,Active,March-29-2025 01:00 PM,March-29-2025 04:00 PM,https://www.redfin.com/CA/Garden-Grove/12541-West-St-92840/home/3409011,CRMLS,OC25062826,N,Y,33.7810082,-117.9238776
MLS Listing,,Single Family Residential,17813 Lemarsh,Northridge,CA,91325,1349000,4,3.0,NR - Northridge,2584,505426680,1976,1,522,,Active,,,https://www.redfin.com/CA/Northridge/17813-Lemarsh-St-91325/home/5824552,CRMLS,SR25062702,N,Y,34.2560954,-118.522035
MLS Listing,,Mobile/Manufactured Home,30 Welcome Ln,Seal Beach,CA,90740,425000,2,1.0,Seal Beach Shores,576,,1979,1,738,728,Active,,,https://www.redfin.com/CA/Seal-Beach/30-Welcome-Ln-90740/home/195128993,CRMLS,PW25063203,N,Y,33.7480991,-118.1093761
